,Planet Name,Host Name,Orbital Period,Discovery Method,Semi-Major Axis (AU),Eccentricity,Radius (R_earth),Mass or Mass * sin(i) (M_earth),Stellar Mass (M_sun)
17,2MASS J19383260+4603591 b,2MASS J19383260+4603591,406.0,Eclipse Timing Variations,0.92,0.33,13.4,603.877,0.48
22,47 UMa b,47 UMa,1078.0,Radial Velocity,2.1,0.032,13.2,804.08,1.06
23,47 UMa c,47 UMa,2391.0,Radial Velocity,3.6,0.098,14.2,171.621,1.06
24,47 UMa d,47 UMa,14002.0,Radial Velocity,11.6,0.16,13.5,521.22,1.06
27,55 Cnc b,55 Cnc,14.6516,Radial Velocity,0.1134,0.0,13.9,263.9785,0.91
28,55 Cnc c,55 Cnc,44.3989,Radial Velocity,0.2373,0.03,8.51,54.4738,0.91
29,55 Cnc d,55 Cnc,5574.2,Radial Velocity,5.957,0.13,13.0,1232.493,0.91
30,55 Cnc e,55 Cnc,0.7365474,Radial Velocity,0.01544,0.05,1.875,7.99,0.91
31,55 Cnc f,55 Cnc,259.88,Radial Velocity,0.7708,0.08,7.59,44.812,0.91
33,61 Vir b,61 Vir,4.215,Radial Velocity,0.050201,0.12,2.11,5.1,0.94
34,61 Vir c,61 Vir,38.021,Radial Velocity,0.2175,0.14,4.46,18.2,0.94
35,61 Vir d,61 Vir,123.01,Radial Velocity,0.476,0.35,5.11,22.9,0.94
110,CoRoT-7 b,CoRoT-7,0.85359163,Transit,0.017016,0.0,1.681,4.07661,0.82
111,CoRoT-7 c,CoRoT-7,3.698,Radial Velocity,0.046,0.0,2.83,8.4,0.9
112,CoRoT-7 d,CoRoT-7,8.966,Radial Velocity,,,4.31,17.142,0.92
119,DMPP-1 b,DMPP-1,18.57,Radial Velocity,0.1462,0.083,5.29,24.27,1.21
120,DMPP-1 c,DMPP-1,6.584,Radial Velocity,0.0733,0.057,3.06,9.6,1.21
121,DMPP-1 d,DMPP-1,2.882,Radial Velocity,0.0422,0.07,1.65,3.35,1.21
122,DMPP-1 e,DMPP-1,5.516,Radial Velocity,0.0651,0.07,1.86,4.13,1.21
133,EPIC 201754305 d,K2-16,2.71578,Transit,,,1.03,1.08,0.67
138,EPIC 206024342 b,EPIC 206024342,4.50756,Transit,,,1.7,3.53,0.93
139,EPIC 206024342 c,EPIC 206024342,0.911724,Transit,,,1.4,2.54,0.93
140,EPIC 206024342 d,EPIC 206024342,14.647531,Transit,,,2.6,7.27,0.93
166,EPIC 249893012 b,EPIC 249893012,3.5951,Transit,0.047,0.06,1.95,8.75,1.05
167,EPIC 249893012 c,EPIC 249893012,15.624,Transit,0.13,0.07,3.67,14.67,1.05
168,EPIC 249893012 d,EPIC 249893012,35.747,Transit,0.22,0.15,3.94,10.18,1.05
175,GJ 1061 b,GJ 1061,3.204,Radial Velocity,0.021,0.31,1.1,1.37,0.12
176,GJ 1061 c,GJ 1061,6.689,Radial Velocity,0.035,0.29,1.18,1.74,0.12
177,GJ 1061 d,GJ 1061,13.031,Radial Velocity,0.054,0.53,1.16,1.64,0.12
190,GJ 163 b,GJ 163,8.63182,Radial Velocity,0.0607,0.073,3.25,10.6,0.4
191,GJ 163 c,GJ 163,25.63058,Radial Velocity,0.1254,0.099,2.5,6.8,0.4
192,GJ 163 d,GJ 163,603.95116,Radial Velocity,1.0304,0.373,5.92,29.4,0.4
194,GJ 180 b,GJ 180,17.133,Radial Velocity,0.092,0.07,2.43,6.49,0.43
195,GJ 180 c,GJ 180,24.329,Radial Velocity,0.129,0.09,2.41,6.4,0.43
196,GJ 180 d,GJ 180,106.3,Radial Velocity,0.309,0.14,2.66,7.56,0.43
209,GJ 3138 b,GJ 3138,1.22003,Radial Velocity,0.0197,0.19,1.18,1.78,0.68
210,GJ 3138 c,GJ 3138,5.974,Radial Velocity,0.057,0.11,1.88,4.18,0.68
211,GJ 3138 d,GJ 3138,257.8,Radial Velocity,0.698,0.32,3.23,10.5,0.68
216,GJ 3293 b,GJ 3293,30.5987,Radial Velocity,0.14339,0.06,5.19,23.54,0.42
217,GJ 3293 c,GJ 3293,122.6196,Radial Velocity,0.36175,0.11,4.87,21.09,0.42
218,GJ 3293 d,GJ 3293,48.1345,Radial Velocity,0.19394,0.12,2.67,7.6,0.42
219,GJ 3293 e,GJ 3293,13.2543,Radial Velocity,0.08208,0.21,1.63,3.28,0.42
229,GJ 357 b,GJ 357,3.93072,Transit,0.035,,1.217,1.84,0.34
230,GJ 357 c,GJ 357,9.1247,Radial Velocity,0.061,,1.66,3.4,0.34
231,GJ 357 d,GJ 357,55.661,Radial Velocity,0.204,,2.34,6.1,0.34
246,GJ 433 b,GJ 433,7.3705,Radial Velocity,0.062,0.04,2.33,6.043,0.48
247,GJ 433 c,GJ 433,5094.105,Radial Velocity,4.819,0.12,6.27,32.422,0.48
248,GJ 433 d,GJ 433,36.059,Radial Velocity,0.178,0.07,2.14,5.223,0.48
255,GJ 581 b,GJ 581,5.3686,Radial Velocity,0.04061,0.0,4.11,15.8,0.31
256,GJ 581 c,GJ 581,12.914,Radial Velocity,0.0721,0.0,2.21,5.5,0.31
257,GJ 581 e,GJ 581,3.149,Radial Velocity,0.02815,0.0,1.17,1.7,0.31
260,GJ 667 C b,GJ 667 C,7.2004,Radial Velocity,0.0505,0.13,2.23,5.6,0.33
261,GJ 667 C c,GJ 667 C,28.14,Radial Velocity,0.125,0.02,1.77,3.8,0.33
262,GJ 667 C e,GJ 667 C,62.24,Radial Velocity,0.213,0.02,1.45,2.7,0.33
263,GJ 667 C f,GJ 667 C,39.026,Radial Velocity,0.156,0.03,1.45,2.7,0.33
264,GJ 667 C g,GJ 667 C,256.2,Radial Velocity,0.549,0.08,1.99,4.6,0.33
266,GJ 676 A b,GJ 676 A,1051.44520601,Radial Velocity,1.734535,0.318615,12.8,1837.01057,0.63
267,GJ 676 A c,GJ 676 A,13921.42302046,Radial Velocity,9.67808,0.295316,12.3,4271.00959,0.63
268,GJ 676 A d,GJ 676 A,3.60075682,Radial Velocity,0.039322,0.192193,1.77,3.79832,0.63
269,GJ 676 A e,GJ 676 A,35.47357709,Radial Velocity,0.180707,0.152395,2.48,6.69167,0.63
282,GJ 876 b,GJ 876,61.1166,Radial Velocity,0.208317,0.0324,13.3,723.2235,0.32
283,GJ 876 c,GJ 876,30.0881,Radial Velocity,0.12959,0.25591,14.0,226.9846,0.32
284,GJ 876 d,GJ 876,1.93778,Radial Velocity,0.020807,0.207,2.51,6.83,0.32
285,GJ 876 e,GJ 876,124.26,Radial Velocity,0.3343,0.055,3.92,14.6,0.32
293,GJ 9827 b,GJ 9827,1.2089819,Transit,0.0188,0.0,1.577,4.91,0.61
294,GJ 9827 c,GJ 9827,3.6480957,Transit,0.03925,0.0,1.241,0.84,0.61
295,GJ 9827 d,GJ 9827,6.2014698,Transit,0.05591,0.0,2.022,4.04,0.61
453,HD 10180 c,HD 10180,5.75969,Radial Velocity,0.06412,0.073,3.68,13.1,1.06
454,HD 10180 d,HD 10180,16.357,Radial Velocity,0.12859,0.131,3.45,11.75,1.06
455,HD 10180 e,HD 10180,49.748,Radial Velocity,0.2699,0.051,5.39,25.1,1.06
456,HD 10180 f,HD 10180,122.744,Radial Velocity,0.4929,0.119,5.24,23.9,1.06
457,HD 10180 g,HD 10180,604.67,Radial Velocity,1.427,0.263,4.91,21.4,1.06
458,HD 10180 h,HD 10180,2205.0,Radial Velocity,3.381,0.095,9.4,64.4,1.06
490,HD 108236 b,HD 108236,3.795963,Transit,0.04527,0.045,1.615,3.24,0.87
491,HD 108236 c,HD 108236,6.203449,Transit,0.062,0.034,2.071,4.94,0.87
492,HD 108236 d,HD 108236,14.175685,Transit,0.1074,0.055,2.539,6.98,0.87
493,HD 108236 e,HD 108236,19.590025,Transit,0.1367,0.058,3.083,9.71,0.87
494,HD 108236 f,HD 108236,29.54115,Transit,0.1758,0.051,2.017,4.72,0.87
532,HD 11506 b,HD 11506,1613.74017306,Radial Velocity,2.798425,0.390871,12.8,1716.82279,1.12
533,HD 11506 c,HD 11506,223.95986342,Radial Velocity,0.749283,0.233121,13.3,115.84733,1.12
534,HD 11506 d,HD 11506,14723.57452498,Radial Velocity,12.245208,0.060812,12.6,2446.83592,1.12
557,HD 125612 b,HD 125612,557.69994314,Radial Velocity,1.348279,0.4465,13.2,944.27564,1.05
558,HD 125612 c,HD 125612,4.15466389,Radial Velocity,0.051386,0.148622,4.01,15.17685,1.05
559,HD 125612 d,HD 125612,2822.726978,Radial Velocity,3.979432,0.114614,12.6,2352.38976,1.05
585,HD 136352 b,HD 136352,11.57797,Radial Velocity,0.0964,0.0,1.664,4.72,0.87
586,HD 136352 c,HD 136352,27.59221,Radial Velocity,0.1721,0.0,2.916,11.24,0.87
587,HD 136352 d,HD 136352,107.245,Radial Velocity,0.425,0.0,2.562,8.82,0.87
605,HD 141399 b,HD 141399,94.44,Radial Velocity,0.415,0.04,14.3,143.34133,1.07
606,HD 141399 c,HD 141399,201.99,Radial Velocity,0.689,0.048,13.6,422.7139,1.07
607,HD 141399 d,HD 141399,1069.8,Radial Velocity,2.09,0.074,13.7,375.0394,1.07
608,HD 141399 e,HD 141399,5000.0,Radial Velocity,5.0,0.26,14.1,209.7678,1.07
610,HD 142 A d,HD 142,108.45298959,Radial Velocity,0.474065,0.129711,10.8,81.62789,1.21
611,HD 142 b,HD 142,351.43394308,Radial Velocity,1.038376,0.157528,13.7,395.51812,1.21
612,HD 142 c,HD 142,10159.64279484,Radial Velocity,9.815941,0.276797,12.4,3521.33769,1.21
650,HD 153557 b,HD 153557,7.29902668,Radial Velocity,0.068049,0.065355,4.73,20.05856,0.79
651,HD 153557 c,HD 153557,15.27017677,Radial Velocity,0.111312,0.511322,4.33,17.30766,0.79
652,HD 153557 d,HD 153557,40654.64809444,Radial Velocity,21.349779,0.151517,11.9,8680.48112,0.79
674,HD 158259 b,HD 158259,2.178,Radial Velocity,,,1.292,2.22,1.08
675,HD 158259 c,HD 158259,3.432,Radial Velocity,,,2.23,5.6,1.08
676,HD 158259 d,HD 158259,5.1980814,Radial Velocity,,,2.18,5.41,1.08
677,HD 158259 e,HD 158259,7.951,Radial Velocity,,,2.34,6.08,1.08
678,HD 158259 f,HD 158259,12.028,Radial Velocity,,,2.35,6.14,1.08
686,HD 160691 b,HD 160691,645.0,Radial Velocity,1.5,0.128,,1366.66215,1.13
687,HD 160691 c,HD 160691,3947.0,Radial Velocity,4.17,0.0985,,1398.44499,1.13
688,HD 160691 d,HD 160691,9.6392,Radial Velocity,0.09286,0.0,3.17,10.17,1.13
689,HD 160691 e,HD 160691,307.9,Radial Velocity,0.934,0.0666,,2224.79885,1.13
700,HD 164922 b,HD 164922,1207.0,Radial Velocity,2.16,0.08,13.3,116.0,0.93
701,HD 164922 c,HD 164922,75.74,Radial Velocity,0.341,0.12,3.66,13.0,0.93
702,HD 164922 d,HD 164922,12.458,Radial Velocity,0.103,0.12,1.83,4.0,0.93
703,HD 164922 e,HD 164922,41.763,Radial Velocity,0.2292,0.086,3.23,10.52012,0.92
746,HD 181433 b,HD 181433,9.3743,Radial Velocity,0.08,0.4,2.4,6.3566,0.63
747,HD 181433 c,HD 181433,962.0,Radial Velocity,1.76,0.28,14.1,203.0,0.78
748,HD 181433 d,HD 181433,2172.0,Radial Velocity,3.0,0.48,14.2,171.0,0.78
753,HD 184010 b,HD 184010,286.6,Radial Velocity,0.94,0.0,12.1,98.52681,1.35
754,HD 184010 c,HD 184010,484.3,Radial Velocity,1.334,0.0,11.8,95.34852,1.35
755,HD 184010 d,HD 184010,836.4,Radial Velocity,1.92,0.0,14.3,143.02278,1.35
774,HD 191939 b,HD 191939,8.8803256,Transit,0.0804,0.031,3.41,10.0,0.81
775,HD 191939 c,HD 191939,28.579743,Transit,0.1752,0.034,3.195,8.0,0.81
776,HD 191939 d,HD 191939,38.353037,Transit,0.2132,0.031,2.995,2.8,0.81
777,HD 191939 e,HD 191939,101.12,Radial Velocity,0.407,0.031,13.0,112.2,0.81
778,HD 191939 f,HD 191939,2200.0,Radial Velocity,3.2,0.0,13.4,660.0,0.81
779,HD 191939 g,HD 191939,284.0,Transit,0.812,0.03,3.74,13.5,0.81
807,HD 204313 b,HD 204313,2041.11538546,Radial Velocity,3.183074,0.099741,12.9,1553.54852,1.03
808,HD 204313 c,HD 204313,34.95875432,Radial Velocity,0.211213,0.059476,4.32,17.20043,1.03
809,HD 204313 e,HD 204313,7325.64666214,Radial Velocity,7.444845,0.253187,12.2,4841.00771,1.03
817,HD 20781 b,HD 20781,5.3135,Radial Velocity,0.0529,0.1,1.21,1.93,0.7
818,HD 20781 c,HD 20781,13.8905,Radial Velocity,0.1004,0.09,2.17,5.33,0.7
819,HD 20781 d,HD 20781,29.158,Radial Velocity,0.1647,0.11,3.25,10.61,0.7
820,HD 20781 e,HD 20781,85.5073,Radial Velocity,0.3374,0.06,3.83,14.03,0.7
825,HD 20794 b,HD 20794,18.315,Radial Velocity,0.1207,0.0,1.45,2.7,0.7
826,HD 20794 c,HD 20794,40.114,Radial Velocity,0.2036,0.0,1.35,2.4,0.7
827,HD 20794 d,HD 20794,90.309,Radial Velocity,0.3499,0.0,2.04,4.8,0.7
828,HD 20794 e,HD 20794,147.02,Radial Velocity,0.509,0.29,2.03,4.77,0.81
849,HD 215152 b,HD 215152,5.75999,Radial Velocity,0.057638,0.0,1.19,1.819,0.77
850,HD 215152 c,HD 215152,7.28243,Radial Velocity,0.067393,0.0,1.17,1.72,0.77
851,HD 215152 d,HD 215152,10.86499,Radial Velocity,0.08799,0.0,1.48,2.801,0.77
852,HD 215152 e,HD 215152,25.1967,Radial Velocity,0.15417,0.0,1.51,2.877,0.77
872,HD 219134 b,HD 219134,3.092926,Radial Velocity,0.03876,0.0,1.602,4.74,0.81
873,HD 219134 c,HD 219134,6.76458,Radial Velocity,0.0653,0.062,1.511,4.36,0.81
874,HD 219134 d,HD 219134,46.859,Radial Velocity,0.237,0.138,1.61,16.17,0.81
875,HD 219134 f,HD 219134,22.717,Radial Velocity,0.1463,0.148,1.31,7.3,0.81
876,HD 219134 g,HD 219134,94.2,Radial Velocity,0.3753,0.0,3.28,10.80622,0.79
877,HD 219134 h,HD 219134,2247.0,Radial Velocity,3.11,0.06,12.7,108.0622,0.79
905,HD 23472 b,HD 23472,17.667087,Transit,0.1162,0.072,2.0,8.32,0.67
906,HD 23472 c,HD 23472,29.79749,Transit,0.1646,0.063,1.87,3.41,0.67
907,HD 23472 d,HD 23472,3.97664,Transit,0.04298,0.07,0.75,0.55,0.67
908,HD 23472 e,HD 23472,7.90754,Transit,0.068,0.07,0.818,0.72,0.67
909,HD 23472 f,HD 23472,12.1621839,Transit,0.0906,0.07,1.137,0.77,0.67
932,HD 27894 b,HD 27894,18.01938802,Radial Velocity,0.125367,0.046978,14.1,196.85951,0.81
933,HD 27894 c,HD 27894,36.07,Radial Velocity,0.198,0.015,8.24,51.48846,0.8
934,HD 27894 d,HD 27894,5019.54243994,Radial Velocity,5.359964,0.342834,12.7,2155.40718,0.81
936,HD 28109 b,HD 28109,22.89104,Transit,0.1357,0.3307,2.199,18.496,1.26
937,HD 28109 c,HD 28109,56.00819,Transit,0.308,0.1203,4.23,7.943,1.26
938,HD 28109 d,HD 28109,84.25999,Transit,0.411,0.0864,3.25,5.681,1.26
957,HD 31527 b,HD 31527,16.5535,Radial Velocity,0.1254,0.1,3.22,10.47,0.96
958,HD 31527 c,HD 31527,51.2053,Radial Velocity,0.2663,0.04,3.85,14.16,0.96
959,HD 31527 d,HD 31527,271.6737,Radial Velocity,0.8098,0.24,3.46,11.82,0.96
960,HD 3167 b,HD 3167,0.95965428,Transit,0.01802,0.1,1.627,4.73,0.85
961,HD 3167 c,HD 3167,29.8464948,Transit,0.1783,0.15,2.923,10.67,0.85
962,HD 3167 d,HD 3167,8.4783,Radial Velocity,0.07703,0.44,2.09,5.03,0.85
963,HD 3167 e,HD 3167,102.09,Radial Velocity,0.4048,0.6,3.09,9.74,0.85
968,HD 33142 b,HD 33142,330.0,Radial Velocity,1.074,0.049,13.7,400.46379,1.52
969,HD 33142 c,HD 33142,810.2,Radial Velocity,1.955,0.081,13.9,282.86728,1.52
970,HD 33142 d,HD 33142,89.9,Radial Velocity,0.452,0.191,9.32,63.56568,1.52
976,HD 34445 b,HD 34445,1049.0,Radial Velocity,2.07,0.27,13.9,260.6206,1.14
977,HD 34445 c,HD 34445,214.67,Radial Velocity,0.7181,0.036,8.42,53.5,1.07
978,HD 34445 d,HD 34445,117.87,Radial Velocity,0.4817,0.027,6.07,30.7,1.07
979,HD 34445 e,HD 34445,49.175,Radial Velocity,0.2687,0.09,4.26,16.8,1.07
980,HD 34445 f,HD 34445,676.8,Radial Velocity,1.543,0.031,6.88,37.9,1.07
981,HD 34445 g,HD 34445,5700.0,Radial Velocity,6.36,0.032,13.6,120.6,1.07
985,HD 37124 b,HD 37124,154.378,Radial Velocity,0.53364,0.054,14.0,214.53525,0.85
986,HD 37124 c,HD 37124,885.5,Radial Velocity,1.71,0.125,14.1,207.22516,0.85
987,HD 37124 d,HD 37124,1862.0,Radial Velocity,2.807,0.16,14.0,221.20968,0.85
995,HD 39091 b,HD 39091,2088.75851193,Radial Velocity,3.309065,0.642306,12.4,3889.98524,1.1
996,HD 39194 b,HD 39194,5.6368,Radial Velocity,0.056,0.207,1.83,4.0,0.67
997,HD 39194 c,HD 39194,14.03,Radial Velocity,0.103,0.154,2.39,6.3,0.67
998,HD 39194 d,HD 39194,33.91,Radial Velocity,0.185,0.333,1.83,4.0,0.67
1000,HD 40307 b,HD 40307,4.3123,Radial Velocity,0.0468,0.2,1.83,4.0,0.77
1001,HD 40307 c,HD 40307,9.6184,Radial Velocity,0.0799,0.06,2.46,6.6,0.77
1002,HD 40307 d,HD 40307,20.432,Radial Velocity,0.1321,0.07,3.04,9.5,0.77
1003,HD 40307 f,HD 40307,51.76,Radial Velocity,0.247,0.02,2.13,5.2,0.77
1004,HD 40307 g,HD 40307,197.8,Radial Velocity,0.6,0.29,2.56,7.1,0.77
1086,HD 69830 b,HD 69830,8.667,Radial Velocity,0.0785,0.1,3.17,10.2,0.86
1087,HD 69830 c,HD 69830,31.56,Radial Velocity,0.186,0.13,3.46,11.8,0.86
1088,HD 69830 d,HD 69830,197.0,Radial Velocity,0.63,0.07,4.45,18.1,0.86
1114,HD 7924 b,HD 7924,5.39792,Radial Velocity,0.06,0.06,2.4,6.3566,0.65
1115,HD 7924 c,HD 7924,15.299,Radial Velocity,0.1134,0.098,2.72,7.86,0.83
1116,HD 7924 d,HD 7924,24.451,Radial Velocity,0.1551,0.21,2.42,6.44,0.83
1158,HD 93385 b,HD 93385,7.3426,Radial Velocity,0.0756,0.295,1.88,4.2,1.04
1159,HD 93385 c,HD 93385,13.18,Radial Velocity,0.112,0.2,2.56,7.1,1.04
1160,HD 93385 d,HD 93385,45.85,Radial Velocity,0.2565,0.09,2.89,8.7,1.04
1177,HD 96700 b,HD 96700,8.1245,Radial Velocity,0.0777,0.138,2.93,8.9,0.89
1178,HD 96700 c,HD 96700,19.88,Radial Velocity,0.141,0.293,1.69,3.5,0.89
1179,HD 96700 d,HD 96700,103.5,Radial Velocity,0.424,0.27,3.61,12.7,0.89
1200,HIP 14810 b,HIP 14810,6.673892,Radial Velocity,0.0696,0.14399,13.0,1239.537,1.01
1201,HIP 14810 c,HIP 14810,147.747,Radial Velocity,0.549,0.1566,13.6,416.3573,1.01
1202,HIP 14810 d,HIP 14810,981.8,Radial Velocity,1.94,0.185,14.1,187.5197,1.01
1211,HIP 41378 b,HIP 41378,15.572098,Transit,,,2.507,6.83,1.17
1212,HIP 41378 c,HIP 41378,31.70648,Transit,,,2.56,7.08,1.17
1213,HIP 41378 d,HIP 41378,1114.0,Transit,,0.0,3.96,14.9,1.17
1214,HIP 41378 e,HIP 41378,131.0,Transit,,,5.51,26.0,1.17
1215,HIP 41378 f,HIP 41378,1084.0,Transit,,,10.2,74.0,1.17
1224,HIP 57274 b,HIP 57274,8.1352,Radial Velocity,0.07,0.19,2.4,6.3566,0.29
1225,HIP 57274 c,HIP 57274,32.03,Radial Velocity,0.178,0.05,14.2,130.0,0.73
1226,HIP 57274 d,HIP 57274,431.7,Radial Velocity,1.01,0.27,14.2,167.4,0.73
1259,HR 858 b,HR 858,3.58599,Transit,0.048,0.3,2.085,5.0,1.15
1260,HR 858 c,HR 858,5.97293,Transit,0.0674,0.19,1.939,4.42,1.15
1261,HR 858 d,HR 858,11.23,Transit,0.1027,0.28,2.164,5.32,1.15
1262,HR 8799 b,HR 8799,170000.0,Imaging,68.0,,13.0,2000.0,1.5
1263,HR 8799 c,HR 8799,69000.0,Imaging,38.0,0.5,13.0,3000.0,1.5
1264,HR 8799 d,HR 8799,37000.0,Imaging,24.0,0.6,13.0,3000.0,1.5
1265,HR 8799 e,HR 8799,20815.6,Imaging,16.4,0.15,13.115,3178.3,1.51
1304,K2-133 b,K2-133,3.07133,Transit,0.03194,,1.34,2.36,0.46
1305,K2-133 c,K2-133,4.86784,Transit,0.04341,,1.603,3.2,0.46
1306,K2-133 d,K2-133,11.02454,Transit,0.07487,,2.003,4.67,0.46
1307,K2-133 e,K2-133,26.5841,Transit,0.1346,,1.73,3.64,0.46
1308,K2-136 b,K2-136,7.975292,Transit,,0.1,0.99,0.937,0.74
1309,K2-136 c,K2-136,17.307137,Transit,0.11728,0.13,2.91,8.8,0.74
1310,K2-136 d,K2-136,25.575065,Transit,,0.14,1.45,2.7,0.74
1312,K2-138 b,K2-138,2.35309,Transit,0.03385,0.048,1.51,3.1,0.94
1313,K2-138 c,K2-138,3.56004,Transit,0.04461,0.045,2.299,6.31,0.94
1314,K2-138 d,K2-138,5.40479,Transit,0.05893,0.043,2.39,7.92,0.94
1315,K2-138 e,K2-138,8.26146,Transit,0.0782,0.077,3.39,12.97,0.94
1316,K2-138 f,K2-138,12.75758,Transit,0.10447,0.062,2.904,1.63,0.94
1317,K2-138 g,K2-138,41.96797,Transit,0.23109,0.059,3.013,4.32,0.94
1326,K2-148 b,K2-148,4.38395,Transit,0.0454,,1.33,2.33,0.65
1327,K2-148 c,K2-148,6.9226,Transit,0.0616,,1.73,3.64,0.65
1328,K2-148 d,K2-148,9.7579,Transit,0.0774,,1.64,3.33,0.65
1337,K2-155 b,K2-155,6.342,Transit,0.0562,,1.8,3.89,0.65
1338,K2-155 c,K2-155,13.85,Transit,0.0946,,2.6,7.27,0.65
1339,K2-155 d,K2-155,40.718,Transit,0.1937,,1.9,4.27,0.65
1345,K2-16 b,K2-16,7.6188,Transit,0.0667,,2.02,4.74,0.68
1346,K2-16 c,K2-16,19.07863,Transit,0.1229,,2.54,6.99,0.68
1352,K2-165 b,K2-165,2.354992,Transit,,,1.274,2.17,0.83
1353,K2-165 c,K2-165,4.382745,Transit,,,1.554,3.03,0.83
1354,K2-165 d,K2-165,14.101361,Transit,,,2.648,7.5,0.83
1377,K2-183 b,K2-183,0.469285,Transit,,,1.1,1.37,0.94
1378,K2-183 c,K2-183,10.787992,Transit,0.0932,,2.3,5.9,0.94
1379,K2-183 d,K2-183,22.620344,Transit,0.1527,,2.3,5.9,0.94
1384,K2-187 b,K2-187,0.77401,Transit,0.0164,,1.2,1.87,0.97
1385,K2-187 c,K2-187,2.871512,Transit,0.0392,,1.4,2.54,0.97
1386,K2-187 d,K2-187,7.149584,Transit,0.072,,2.4,6.35,0.97
1387,K2-187 e,K2-187,13.606629,Transit,0.1106,,1.9,4.27,0.97
1392,K2-19 b,K2-19,7.9222,Transit,0.074,0.2,7.0,32.4,0.88
1393,K2-19 c,K2-19,11.8993,Transit,0.0971,0.21,4.1,10.8,0.88
1394,K2-19 d,K2-19,2.5081,Transit,0.0344,0.0,1.11,10.0,0.88
1405,K2-198 b,K2-198,17.0428683,Transit,,,4.189,16.3,0.8
1406,K2-198 c,K2-198,3.3596055,Transit,,,1.423,2.61,0.8
1407,K2-198 d,K2-198,7.4500177,Transit,,,2.438,6.52,0.8
1432,K2-219 b,K2-219,3.901287,Transit,,,1.348,2.38,1.02
1433,K2-219 c,K2-219,6.66767,Transit,,,1.438,2.66,1.02
1434,K2-219 d,K2-219,11.137278,Transit,,,2.576,7.16,1.02
1452,K2-233 b,K2-233,2.4675,Transit,0.03308,0.079,1.343,11.26,0.79
1453,K2-233 c,K2-233,7.06005,Transit,0.06666,0.2002,1.281,12.81,0.79
1454,K2-233 d,K2-233,24.3645,Transit,0.15224,0.1999,2.358,21.14,0.79
1457,K2-239 b,K2-239,5.24,Transit,0.0441,,1.1,1.37,0.4
1458,K2-239 c,K2-239,7.775,Transit,0.0576,,1.0,0.972,0.4
1459,K2-239 d,K2-239,10.115,Transit,0.0685,,1.1,1.37,0.4
1494,K2-266 b,K2-266,0.658524,Transit,0.01306,,3.3,11.26782,0.69
1495,K2-266 c,K2-266,7.814,Transit,0.0679,0.042,0.705,0.29013,0.69
1496,K2-266 d,K2-266,14.697,Transit,0.1035,0.047,2.93,8.9,0.69
1497,K2-266 e,K2-266,19.482,Transit,0.1249,0.043,2.73,14.3,0.69
1498,K2-268 b,K2-268,2.151676,Transit,0.0308,,1.5,2.86,0.84
1499,K2-268 c,K2-268,9.327527,Transit,0.0819,,2.69,7.7,0.84
1500,K2-268 d,K2-268,4.528598,Transit,,,1.49,2.83,0.84
1501,K2-268 e,K2-268,6.131243,Transit,,,1.33,2.33,0.84
1502,K2-268 f,K2-268,26.27057,Transit,,,2.23,5.6,0.84
1523,K2-285 b,K2-285,3.471745,Transit,0.03817,0.0,2.59,9.68,0.83
1524,K2-285 c,K2-285,7.138048,Transit,0.0824,0.0,3.53,15.68,0.83
1525,K2-285 d,K2-285,10.45582,Transit,0.1178,0.0,2.48,6.5,0.83
1526,K2-285 e,K2-285,14.76289,Transit,0.18041,0.0,1.95,10.7,0.83
1539,K2-3 b,K2-3,10.054626,Transit,0.074,0.0,1.98,6.48,0.6
1540,K2-3 c,K2-3,24.646582,Transit,0.1345,0.0,1.56,2.14,0.6
1541,K2-3 d,K2-3,44.55646,Transit,0.2097,0.0,1.53,2.80007,0.6
1551,K2-32 b,K2-32,8.992,Transit,0.0795,0.03,5.299,15.0,0.83
1552,K2-32 c,K2-32,20.66093,Transit,0.13843,0.049,3.134,8.1,0.83
1553,K2-32 d,K2-32,31.71701,Transit,0.18422,0.05,3.484,6.7,0.83
1554,K2-32 e,K2-32,4.34934,Transit,0.04899,0.043,1.212,2.1,0.83
1593,K2-352 b,K2-352,3.665912,Transit,,,1.37,2.45,0.98
1594,K2-352 c,K2-352,8.234885,Transit,,,1.92,4.35,0.98
1595,K2-352 d,K2-352,14.871387,Transit,,,2.23,5.6,0.98
1607,K2-368 b,K2-368,5.025598,Transit,,,1.332,2.34,0.75
1608,K2-368 c,K2-368,9.660186,Transit,,,1.361,2.42,0.75
1609,K2-368 d,K2-368,20.201085,Transit,,,1.948,4.45,0.75
1611,K2-37 b,K2-37,4.44117,Transit,0.0511,,1.61,3.22,0.9
1612,K2-37 c,K2-37,6.42904,Transit,0.0654,,2.75,8.0,0.9
1613,K2-37 d,K2-37,14.09189,Transit,0.1103,,2.73,7.9,0.9
1628,K2-381 b,K2-381,7.9389334,Transit,,,1.075,1.26,0.75
1629,K2-381 c,K2-381,16.034656,Transit,,,2.0,4.66,0.75
1630,K2-381 d,K2-381,26.803023,Transit,,,1.689,3.5,0.75
1633,K2-384 b,K2-384,2.231527,Transit,,,1.076,1.26,0.33
1634,K2-384 c,K2-384,4.194766,Transit,,,1.191,1.82,0.33
1635,K2-384 d,K2-384,6.679582,Transit,,,1.392,2.52,0.33
1636,K2-384 e,K2-384,9.715043,Transit,,,1.345,2.37,0.33
1637,K2-384 f,K2-384,13.62749,Transit,,,2.222,5.57,0.33
1693,K2-58 b,K2-58,7.05254,Transit,0.0692,,2.68,7.65,0.89
1694,K2-58 c,K2-58,2.53726,Transit,0.035,,1.62,3.26,0.89
1695,K2-58 d,K2-58,22.8827,Transit,0.1517,,1.71,3.57,0.89
1713,K2-72 b,K2-72,5.577212,Transit,0.04,0.11,1.08,1.28,0.27
1714,K2-72 c,K2-72,15.189034,Transit,0.078,0.11,1.16,1.65,0.27
1715,K2-72 d,K2-72,7.760178,Transit,0.05,0.11,1.01,1.01,0.27
1716,K2-72 e,K2-72,24.158868,Transit,0.106,0.11,1.29,2.21,0.27
1725,K2-80 b,K2-80,19.0918,Transit,0.135,,2.01,4.7,0.9
1726,K2-80 c,K2-80,5.605,Transit,0.0596,,1.47,2.76,0.9
1727,K2-80 d,K2-80,28.867253,Transit,,,2.552,7.04,0.91
1768,KIC 10001893 b,KIC 10001893,0.2197,Orbital Brightness Modulation,,,,,0.47
1769,KIC 10001893 c,KIC 10001893,0.32528,Orbital Brightness Modulation,,,,,0.47
1770,KIC 10001893 d,KIC 10001893,0.81161,Orbital Brightness Modulation,,,,,0.47
1781,KIC 8540376 b,KOI-7892,31.8099,Transit,,,4.1,15.8,1.04
1782,KIC 8540376 c,KOI-7892,75.2,Transit,,,2.4,6.35,1.04
1847,KOI-142 b,KOI-142,10.91647,Transit,0.098,0.05561,3.438,9.5,0.99
1848,KOI-142 c,KOI-142,22.26492,Transit,0.15525,0.05724,14.0,214.1,0.99
1853,KOI-1831 d,Kepler-324,34.169,Transit,0.1949,0.0,1.13,2.23,0.9
1854,KOI-1833 d,Kepler-968,7.685,Transit,0.0634,0.0,2.58,11.02,0.68
1858,KOI-351 b,KOI-351,7.008151,Transit,0.074,0.0,1.31,2.27,1.2
1859,KOI-351 c,KOI-351,8.719375,Transit,0.089,0.0,1.19,1.81,1.2
1860,KOI-351 d,KOI-351,59.73667,Transit,0.32,0.0,2.87,8.6,1.2
1861,KOI-351 e,KOI-351,91.93913,Transit,0.42,0.0,2.66,7.56,1.2
1862,KOI-351 f,KOI-351,124.9144,Transit,0.48,0.0,2.88,8.65,1.2
1863,KOI-351 g,KOI-351,210.60697,Transit,0.71,0.0,8.1,254.264,1.2
1864,KOI-351 h,KOI-351,331.60059,Transit,1.01,0.0,11.3,381.396,1.2
1871,KOI-94 b,KOI-94,3.743208,Transit,0.05119,0.25,1.71,10.5,1.28
1872,KOI-94 c,KOI-94,10.423648,Transit,0.1013,0.43,4.32,15.6,1.28
1873,KOI-94 d,KOI-94,22.342989,Transit,0.1684,0.022,11.27,106.0,1.28
1874,KOI-94 e,KOI-94,54.32031,Transit,0.3046,0.019,6.56,35.0,1.28
1881,Kepler-100 b,Kepler-100,6.88705,Transit,0.072,0.13,1.32,7.34,1.08
1882,Kepler-100 c,Kepler-100,12.8159,Transit,0.109,0.02,2.2,7.05,1.08
1883,Kepler-100 d,Kepler-100,35.3331,Transit,0.2143,0.38,1.61,3.0,1.08
1908,Kepler-102 b,Kepler-102,5.28696,Transit,0.0552,0.0,0.47,4.3,0.8
1909,Kepler-102 c,Kepler-102,7.07142,Transit,0.067,0.0,0.58,3.0,0.8
1910,Kepler-102 d,Kepler-102,10.3117,Transit,0.0862,0.0,1.18,3.8,0.8
1911,Kepler-102 e,Kepler-102,16.1457,Transit,0.1162,0.0,2.22,8.93,0.8
1912,Kepler-102 f,Kepler-102,27.4536,Transit,0.1655,0.0,0.88,5.2,0.8
1936,Kepler-104 b,Kepler-104,11.427548,Transit,0.094,0.0,3.1,19.6,0.81
1937,Kepler-104 c,Kepler-104,23.668205,Transit,0.153,0.0,3.13,9.96,0.81
1938,Kepler-104 d,Kepler-104,51.755394,Transit,0.257,0.0,3.58,12.5,0.81
1963,Kepler-106 b,Kepler-106,6.16486,Transit,0.0648,0.0,0.82,5.3,1.0
1964,Kepler-106 c,Kepler-106,13.5708,Transit,0.1096,0.0,2.5,10.44,1.0
1965,Kepler-106 d,Kepler-106,23.9802,Transit,0.1602,0.0,0.95,8.1,1.0
1966,Kepler-106 e,Kepler-106,43.8445,Transit,0.2395,0.0,2.56,11.17,1.0
1979,Kepler-107 b,Kepler-107,3.1800218,Transit,0.04544,0.0,1.536,3.51,1.24
1980,Kepler-107 c,Kepler-107,4.901452,Transit,0.06064,0.0,1.597,9.39,1.24
1981,Kepler-107 d,Kepler-107,7.95839,Transit,0.08377,0.0,0.86,3.8,1.24
1982,Kepler-107 e,Kepler-107,14.749143,Transit,0.12639,0.0,2.903,8.6,1.24
1986,Kepler-1073 b,Kepler-1073,8.67888593,Transit,0.0805,0.0,2.3,5.9,1.0
1987,Kepler-1073 c,Kepler-1073,4.02582254,Transit,0.0483,0.0,1.64,3.33,1.0
1988,Kepler-1073 d,Kepler-1073,2.50476003,Transit,0.0352,0.0,1.488,2.82,0.92
2023,Kepler-11 b,Kepler-11,10.3039,Transit,0.091,0.045,1.8,1.9,0.96
2024,Kepler-11 c,Kepler-11,13.0241,Transit,0.107,0.026,2.87,2.9,0.96
2025,Kepler-11 d,Kepler-11,22.6845,Transit,0.155,0.004,3.12,7.3,0.96
2026,Kepler-11 e,Kepler-11,31.9996,Transit,0.195,0.012,4.19,8.0,0.96
2027,Kepler-11 f,Kepler-11,46.6888,Transit,0.25,0.013,2.49,2.0,0.96
2028,Kepler-11 g,Kepler-11,118.3807,Transit,0.466,0.15,3.33,25.0,0.96
2068,Kepler-1130 b,Kepler-1130,5.45298175,Transit,0.0595,0.0,0.8,0.437,0.9
2069,Kepler-1130 c,Kepler-1130,3.26663995,Transit,0.0423,0.0,0.792,0.422,0.94
2070,Kepler-1130 d,Kepler-1130,4.27225018,Transit,0.0506,0.0,0.645,0.202,0.94
2080,Kepler-114 b,Kepler-114,5.188549,Transit,0.053,0.0,1.26,6.8,0.77
2081,Kepler-114 c,Kepler-114,8.041,Transit,0.06482,0.0,1.6,2.8,0.56
2082,Kepler-114 d,Kepler-114,11.776,Transit,0.08358,0.0,2.53,3.9,0.56
2181,Kepler-122 b,Kepler-122,5.766193,Transit,0.064,0.0,2.34,6.08,1.08
2182,Kepler-122 c,Kepler-122,12.465988,Transit,0.108,0.0,5.87,29.0,1.08
2183,Kepler-122 d,Kepler-122,21.587475,Transit,0.155,0.0,2.2,5.48,1.08
2184,Kepler-122 e,Kepler-122,37.993273,Transit,0.227,0.0,2.6,27.7,1.08
2185,Kepler-122 f,Kepler-122,56.268,Transit Timing Variations,0.287,0.0,1.75,36.0,1.03
2208,Kepler-124 b,Kepler-124,3.410493,Transit,0.039,0.0,0.73,0.315,0.84
2209,Kepler-124 c,Kepler-124,13.821375,Transit,0.1,0.0,1.75,3.71,0.84
2210,Kepler-124 d,Kepler-124,30.950851,Transit,0.17,0.0,1.11,1.41,0.84
2228,Kepler-1254 b,Kepler-1254,9.99113313,Transit,0.0833,0.0,1.55,3.02,0.78
2229,Kepler-1254 c,Kepler-1254,3.60084276,Transit,0.0422,0.0,1.3,2.24,0.78
2230,Kepler-1254 d,Kepler-1254,5.72717226,Transit,0.0575,0.0,1.31,2.27,0.78
2236,Kepler-126 b,Kepler-126,10.495711,Transit,0.099,0.07,1.52,2.92,1.18
2237,Kepler-126 c,Kepler-126,21.869741,Transit,0.162,0.19,1.58,3.12,1.18
2238,Kepler-126 d,Kepler-126,100.283134,Transit,0.448,0.02,2.5,6.8,1.18
2250,Kepler-127 b,Kepler-127,14.435889,Transit,0.125,0.47,1.4,2.54,1.27
2251,Kepler-127 c,Kepler-127,29.393195,Transit,0.2,0.03,2.66,7.56,1.27
2252,Kepler-127 d,Kepler-127,48.630408,Transit,0.28,0.03,2.64,7.46,1.27
2275,Kepler-129 b,Kepler-129,15.79,Transit,0.13,0.01,2.4,20.0,1.18
2276,Kepler-129 c,Kepler-129,82.2,Transit,0.39,0.2,2.52,43.0,1.18
2277,Kepler-129 d,Kepler-129,2646.0,Radial Velocity,4.0,0.15,12.6,2637.97578,1.18
2288,Kepler-130 b,Kepler-130,8.457458,Transit,0.079,0.15,1.02,1.04,0.96
2289,Kepler-130 c,Kepler-130,27.50868,Transit,0.178,0.0,2.9,8.75,1.0
2290,Kepler-130 d,Kepler-130,87.517905,Transit,0.377,0.8,1.64,3.33,0.96
2304,Kepler-1311 b,Kepler-1311,11.1726994,Transit,0.0989,0.0,1.24,2.07,1.05
2305,Kepler-1311 c,Kepler-1311,2.53573424,Transit,0.0368,0.0,1.22,1.98,1.05
2306,Kepler-1311 d,Kepler-1311,197.5110016,Transit,0.6711,0.0,9.658,67.5,1.03
2317,Kepler-132 b,Kepler-132,6.178196,Transit,0.067,0.0,1.21,1.92,0.98
2318,Kepler-132 c,Kepler-132,6.414914,Transit,0.068,0.0,1.28,2.18,0.98
2319,Kepler-132 d,Kepler-132,18.010199,Transit,0.136,0.0,1.55,3.02,0.98
2320,Kepler-132 e,Kepler-132,110.2869374,Transit,0.4393,0.0,1.18,1.76,1.03
2322,Kepler-1321 b,Kepler-1321,11.12830484,Transit,0.0781,0.0,4.92,21.5,0.54
2323,Kepler-1321 c,Kepler-1321,2.22649109,Transit,0.0267,0.0,2.4,6.35,0.54
2324,Kepler-1321 d,Kepler-1321,5.72092009,Transit,0.0501,0.0,2.628,7.41,0.51
2399,Kepler-138 b,Kepler-138,10.3134,Transit,0.0753,0.02,0.64,0.07,0.54
2400,Kepler-138 c,Kepler-138,13.7815,Transit,0.0913,0.017,1.51,2.3,0.54
2401,Kepler-138 d,Kepler-138,23.0923,Transit,0.1288,0.01,1.51,2.1,0.54
2402,Kepler-138 e,Kepler-138,38.23,Transit Timing Variations,0.1803,0.112,0.797,0.43,0.54
2411,Kepler-1388 b,Kepler-1388,12.2854603,Transit,0.0882,0.0,2.59,7.22,0.63
2412,Kepler-1388 c,Kepler-1388,5.53608151,Transit,0.0519,0.0,2.26,5.73,0.63
2413,Kepler-1388 d,Kepler-1388,20.9568158,Transit,0.126,0.0,2.86,8.55,0.63
2414,Kepler-1388 e,Kepler-1388,37.6327084,Transit,0.1861,0.0,2.46,6.62,0.63
2454,Kepler-142 b,Kepler-142,2.024152,Transit,0.032,0.0,1.99,4.62,0.99
2455,Kepler-142 c,Kepler-142,4.761702,Transit,0.057,0.0,2.86,8.55,0.99
2456,Kepler-142 d,Kepler-142,41.809118,Transit,0.242,0.0,2.16,5.31,0.99
2514,Kepler-1468 b,Kepler-1468,8.23984869,Transit,0.0817,0.0,1.73,3.64,1.04
2515,Kepler-1468 c,Kepler-1468,3.54553021,Transit,0.0466,0.0,1.15,1.6,1.04
2516,Kepler-1468 d,Kepler-1468,19.59059906,Transit,0.1456,0.0,3.332,11.1,1.07
2530,Kepler-148 b,Kepler-148,1.729366,Transit,0.028,0.0,1.8,3.89,0.86
2531,Kepler-148 c,Kepler-148,4.180043,Transit,0.05,0.0,3.6,12.6,0.86
2532,Kepler-148 d,Kepler-148,51.84688575,Transit,0.2607,0.0,8.68,56.3,0.86
2544,Kepler-149 b,Kepler-149,29.198943,Transit,0.184,0.0,4.21,16.5,0.92
2545,Kepler-149 c,Kepler-149,55.328328,Transit,0.281,0.0,1.61,3.22,0.92
2546,Kepler-149 d,Kepler-149,160.018032,Transit,0.571,0.0,3.96,14.9,0.92
2558,Kepler-150 b,Kepler-150,3.428054,Transit,0.044,0.0,1.25,2.1,0.94
2559,Kepler-150 c,Kepler-150,7.381998,Transit,0.073,0.0,3.69,13.2,0.94
2560,Kepler-150 d,Kepler-150,12.56093,Transit,0.104,0.0,2.79,8.2,0.94
2561,Kepler-150 e,Kepler-150,30.826557,Transit,0.189,0.0,3.12,9.91,0.94
2562,Kepler-150 f,Kepler-150,637.2093,Transit,1.24,,3.64,12.9,0.97
2600,Kepler-1530 b,Kepler-1530,2.5904434,Transit,0.0371,0.0,1.64,3.33,0.92
2601,Kepler-1530 c,Kepler-1530,5.3227406,Transit,0.06,0.0,1.65,3.36,0.92
2602,Kepler-1530 d,Kepler-1530,9.20761013,Transit,0.0865,0.0,3.279,10.8,1.02
2612,Kepler-154 b,Kepler-154,33.040532,Transit,0.198,0.0,2.26,5.73,0.98
2613,Kepler-154 c,Kepler-154,62.303276,Transit,0.303,0.0,2.95,9.01,0.98
2614,Kepler-154 d,Kepler-154,20.54981883,Transit,0.1415,0.0,3.84,14.1,0.98
2615,Kepler-154 e,Kepler-154,3.93276465,Transit,0.047,0.0,1.5,2.86,0.98
2616,Kepler-154 f,Kepler-154,9.91935684,Transit,0.0871,0.0,1.5,2.86,0.98
2619,Kepler-1542 b,Kepler-1542,3.95116882,Transit,0.0479,0.0,0.76,0.363,0.94
2620,Kepler-1542 c,Kepler-1542,2.89223021,Transit,0.0389,0.0,0.65,0.208,0.94
2621,Kepler-1542 d,Kepler-1542,5.99273738,Transit,0.0632,0.0,0.87,0.59,0.94
2622,Kepler-1542 e,Kepler-1542,5.10115756,Transit,0.0567,0.0,0.76,0.363,0.94
2654,Kepler-157 b,Kepler-157,1.732342,Transit,0.028,0.0,1.32,2.3,1.02
2655,Kepler-157 c,Kepler-157,13.5405,Transit,0.11,0.0,2.24,5.65,1.02
2656,Kepler-157 d,Kepler-157,7.02573474,Transit,0.0698,0.0,1.46,2.73,1.02
2692,Kepler-160 b,Kepler-160,4.309397,Transit,0.05511,0.0,1.715,3.59,0.97
2693,Kepler-160 c,Kepler-160,13.699429,Transit,0.1192,0.0,3.76,13.6,0.97
2694,Kepler-160 d,Kepler-160,30.0,Transit Timing Variations,0.17,,,100.0,0.97
2742,Kepler-164 b,Kepler-164,5.03503,Transit,0.058,0.0,1.41,2.57,1.09
2743,Kepler-164 c,Kepler-164,10.945723,Transit,0.097,0.0,2.73,7.9,1.09
2744,Kepler-164 d,Kepler-164,28.986769,Transit,0.187,0.0,2.45,6.57,1.09
2768,Kepler-166 b,Kepler-166,7.650254,Transit,0.072,0.0,2.27,5.77,0.88
2769,Kepler-166 c,Kepler-166,34.260281,Transit,0.195,0.0,2.38,6.26,0.88
2770,Kepler-166 d,Kepler-166,1.55400393,Transit,0.0246,0.0,1.73,3.64,0.88
2781,Kepler-167 b,Kepler-167,4.3931539,Transit,0.04825,0.0,1.718,3.6,0.78
2782,Kepler-167 c,Kepler-167,7.406106,Transit,0.0684,0.0,1.674,3.44,0.78
2783,Kepler-167 d,Kepler-167,21.80379,Transit,0.1404,0.0,1.238,2.06,0.78
2784,Kepler-167 e,Kepler-167,1071.23205,Transit,1.883,0.29,10.16,321.00669,0.78
2807,Kepler-169 b,Kepler-169,3.250619,Transit,0.04,0.0,1.13,1.51,0.84
2808,Kepler-169 c,Kepler-169,6.195469,Transit,0.062,0.0,1.21,1.92,0.84
2809,Kepler-169 d,Kepler-169,8.348125,Transit,0.075,0.0,1.25,2.1,0.84
2810,Kepler-169 e,Kepler-169,13.767102,Transit,0.105,0.0,2.2,5.48,0.84
2811,Kepler-169 f,Kepler-169,87.090195,Transit,0.359,0.0,2.58,7.18,0.84
2834,Kepler-171 b,Kepler-171,4.166972,Transit,0.05,0.0,2.34,6.08,0.91
2835,Kepler-171 c,Kepler-171,11.463462,Transit,0.098,0.0,2.56,7.08,0.91
2836,Kepler-171 d,Kepler-171,39.595519,Transit,0.223,0.0,1.89,4.23,0.91
2847,Kepler-172 b,Kepler-172,2.940309,Transit,0.04,0.0,2.35,6.12,1.0
2848,Kepler-172 c,Kepler-172,6.388996,Transit,0.068,0.0,2.86,8.55,1.0
2849,Kepler-172 d,Kepler-172,14.627119,Transit,0.118,0.0,2.25,5.69,1.0
2850,Kepler-172 e,Kepler-172,35.118736,Transit,0.211,0.0,2.76,8.05,1.0
2873,Kepler-174 b,Kepler-174,13.98179,Transit,0.1,0.0,1.96,4.5,0.6
2874,Kepler-174 c,Kepler-174,44.000529,Transit,0.214,0.0,1.49,2.83,0.6
2875,Kepler-174 d,Kepler-174,247.35373,Transit,0.677,0.0,2.19,5.43,0.6
2898,Kepler-176 b,Kepler-176,5.433074,Transit,0.058,0.0,1.43,2.63,0.79
2899,Kepler-176 c,Kepler-176,12.759712,Transit,0.102,0.0,2.6,23.0,0.79
2900,Kepler-176 d,Kepler-176,25.751974,Transit,0.163,0.0,2.51,15.2,0.79
2901,Kepler-176 e,Kepler-176,51.16579,Transit,0.2494,0.0,1.45,2.7,0.87
2924,Kepler-178 b,Kepler-178,9.576694,Transit,0.085,0.0,2.9,8.75,0.94
2925,Kepler-178 c,Kepler-178,20.552802,Transit,0.142,0.0,2.88,8.65,0.94
2926,Kepler-178 d,Kepler-178,96.678988,Transit,0.397,0.0,3.95,14.8,0.94
2949,Kepler-18 b,Kepler-18,3.504725,Transit,0.0447,0.0,2.0,6.9,0.97
2950,Kepler-18 c,Kepler-18,7.64159,Transit,0.0752,0.0,5.49,17.3,0.97
2951,Kepler-18 d,Kepler-18,14.85888,Transit,0.1172,0.0,6.98,16.4,0.97
3000,Kepler-184 b,Kepler-184,10.687576,Transit,0.092,0.0,2.36,6.17,0.97
3001,Kepler-184 c,Kepler-184,20.303005,Transit,0.141,0.0,1.97,8.8,0.97
3002,Kepler-184 d,Kepler-184,29.022358,Transit,0.179,0.0,2.49,6.76,0.97
3025,Kepler-186 b,Kepler-186,3.8867907,Transit,0.0343,0.0,1.07,1.24,0.48
3026,Kepler-186 c,Kepler-186,7.267302,Transit,0.0451,0.0,1.25,2.1,0.48
3027,Kepler-186 d,Kepler-186,13.342996,Transit,0.0781,0.0,1.4,2.54,0.48
3028,Kepler-186 e,Kepler-186,22.407704,Transit,0.11,0.0,1.27,2.15,0.48
3029,Kepler-186 f,Kepler-186,129.9441,Transit,0.432,0.04,1.17,1.71,0.54
3076,Kepler-19 b,Kepler-19,9.28716,Transit,0.0835,0.12,2.209,8.4,0.94
3077,Kepler-19 c,Kepler-19,28.731,Transit Timing Variations,,0.21,3.68,13.1,0.94
3078,Kepler-19 d,Kepler-19,62.95,Radial Velocity,,0.05,5.06,22.5,0.94
3091,Kepler-191 b,Kepler-191,9.939632,Transit,0.087,0.0,1.34,2.36,0.81
3092,Kepler-191 c,Kepler-191,17.738506,Transit,0.128,0.0,1.86,4.12,0.81
3093,Kepler-191 d,Kepler-191,5.94504102,Transit,0.0599,0.0,2.28,5.82,0.84
3104,Kepler-192 b,Kepler-192,9.926746,Transit,0.09,0.0,2.74,7.95,0.94
3105,Kepler-192 c,Kepler-192,21.2234,Transit,0.15,0.0,2.79,8.2,0.94
3106,Kepler-192 d,Kepler-192,6.47027579,Transit,0.0668,0.0,1.02,1.04,0.94
3129,Kepler-194 b,Kepler-194,2.092281,Transit,0.032,0.0,1.51,2.89,1.09
3130,Kepler-194 c,Kepler-194,17.308032,Transit,0.131,0.0,2.59,7.22,1.09
3131,Kepler-194 d,Kepler-194,52.814973,Transit,0.275,0.0,2.4,6.35,1.09
3154,Kepler-196 b,Kepler-196,20.739886,Transit,0.138,0.0,1.9,4.27,0.85
3155,Kepler-196 c,Kepler-196,47.427737,Transit,0.24,0.0,2.24,5.65,0.85
3156,Kepler-196 d,Kepler-196,122.0800018,Transit,0.4484,0.0,2.661,7.56,0.81
3167,Kepler-197 b,Kepler-197,5.599308,Transit,0.06,0.02,1.02,1.04,0.86
3168,Kepler-197 c,Kepler-197,10.349695,Transit,0.09,0.08,1.23,5.3,0.86
3169,Kepler-197 d,Kepler-197,15.677563,Transit,0.119,0.03,1.22,1.98,0.86
3170,Kepler-197 e,Kepler-197,25.209715,Transit,0.164,0.38,0.91,0.693,0.86
3173,Kepler-198 b,Kepler-198,17.790037,Transit,0.131,0.0,2.82,8.35,0.97
3174,Kepler-198 c,Kepler-198,49.567416,Transit,0.259,0.0,2.47,6.66,0.97
3175,Kepler-198 d,Kepler-198,1.31184443,Transit,0.0229,0.0,1.53,2.96,0.97
3178,Kepler-20 b,Kepler-20,3.69611525,Transit,0.0463,0.03,1.868,9.7,0.95
3179,Kepler-20 c,Kepler-20,10.85409089,Transit,0.0949,0.16,3.047,12.75,0.95
3180,Kepler-20 d,Kepler-20,77.61130017,Transit,0.3506,0.0,2.744,10.07,0.95
3181,Kepler-20 e,Kepler-20,6.09852281,Transit,0.0639,0.0,0.865,3.08,0.95
3182,Kepler-20 f,Kepler-20,19.57758478,Transit,0.1396,0.0,1.003,14.3,0.95
3183,Kepler-20 g,Kepler-20,34.94,Radial Velocity,0.2055,0.15,4.71,19.96,0.95
3190,Kepler-203 b,Kepler-203,3.162697,Transit,0.043,0.0,2.57,7.13,1.0
3191,Kepler-203 c,Kepler-203,5.370647,Transit,0.061,0.0,2.47,749.9,1.0
3192,Kepler-203 d,Kepler-203,11.32972,Transit,0.1,0.0,1.44,33.9,1.0
3197,Kepler-206 b,Kepler-206,7.781987,Transit,0.078,0.0,1.2,1.87,1.05
3198,Kepler-206 c,Kepler-206,13.137471,Transit,0.111,0.0,1.77,3.78,1.05
3199,Kepler-206 d,Kepler-206,23.44281,Transit,0.163,0.0,1.19,1.81,1.05
3200,Kepler-207 b,Kepler-207,1.611865,Transit,0.029,0.0,1.57,3.09,1.04
3201,Kepler-207 c,Kepler-207,3.071571,Transit,0.044,0.0,1.5,2.86,1.04
3202,Kepler-207 d,Kepler-207,5.868075,Transit,0.068,0.0,3.31,11.0,1.04
3203,Kepler-208 b,Kepler-208,4.22864,Transit,0.054,0.0,1.63,3.29,1.16
3204,Kepler-208 c,Kepler-208,7.466623,Transit,0.079,0.0,1.39,2.51,1.16
3205,Kepler-208 d,Kepler-208,11.131786,Transit,0.103,0.0,1.2,1.87,1.16
3206,Kepler-208 e,Kepler-208,16.259458,Transit,0.132,0.0,1.48,2.79,1.16
3220,Kepler-215 b,Kepler-215,9.360672,Transit,0.084,0.0,1.62,3.26,0.94
3221,Kepler-215 c,Kepler-215,14.667108,Transit,0.113,0.0,1.77,3.78,0.94
3222,Kepler-215 d,Kepler-215,30.864423,Transit,0.185,0.0,2.39,23.6,0.94
3223,Kepler-215 e,Kepler-215,68.16101,Transit,0.314,0.0,1.75,3.71,0.94
3226,Kepler-217 b,Kepler-217,5.374943,Transit,0.065,0.0,2.23,5.6,1.14
3227,Kepler-217 c,Kepler-217,8.586004,Transit,0.089,0.0,1.85,4.08,1.14
3228,Kepler-217 d,Kepler-217,3.88689525,Transit,0.0505,0.0,1.32,2.3,1.37
3229,Kepler-218 b,Kepler-218,3.619337,Transit,0.046,0.0,1.48,2.79,1.02
3230,Kepler-218 c,Kepler-218,44.699576,Transit,0.248,0.0,3.14,10.0,1.02
3231,Kepler-218 d,Kepler-218,124.5244647,Transit,0.4865,0.0,2.66,7.56,1.01
3232,Kepler-219 b,Kepler-219,4.585512,Transit,0.057,0.0,2.95,9.01,1.17
3233,Kepler-219 c,Kepler-219,22.714613,Transit,0.165,0.0,3.58,12.5,1.17
3234,Kepler-219 d,Kepler-219,47.903645,Transit,0.272,0.0,2.81,19.1,1.17
3236,Kepler-220 b,Kepler-220,4.159807,Transit,0.046,0.0,0.81,0.457,0.65
3237,Kepler-220 c,Kepler-220,9.034199,Transit,0.076,0.0,1.57,3.09,0.65
3238,Kepler-220 d,Kepler-220,28.122397,Transit,0.163,0.0,0.98,0.904,0.65
3239,Kepler-220 e,Kepler-220,45.902733,Transit,0.226,0.0,1.33,2.33,0.65
3240,Kepler-221 b,Kepler-221,2.795906,Transit,0.037,0.0,1.71,3.57,0.82
3241,Kepler-221 c,Kepler-221,5.690586,Transit,0.059,0.0,2.93,15.1,0.82
3242,Kepler-221 d,Kepler-221,10.04156,Transit,0.087,0.0,2.73,7.9,0.82
3243,Kepler-221 e,Kepler-221,18.369917,Transit,0.13,0.0,2.63,7.41,0.82
3244,Kepler-222 b,Kepler-222,3.936981,Transit,0.048,0.0,3.16,10.1,0.88
3245,Kepler-222 c,Kepler-222,10.08881,Transit,0.091,0.0,4.64,19.4,0.88
3246,Kepler-222 d,Kepler-222,28.081912,Transit,0.18,0.0,3.69,13.2,0.88
3247,Kepler-223 b,Kepler-223,7.38449,Transit,0.0756,0.078,2.99,7.4,1.12
3248,Kepler-223 c,Kepler-223,9.84564,Transit,0.0916,0.15,3.44,5.1,1.12
3249,Kepler-223 d,Kepler-223,14.78869,Transit,0.1201,0.037,5.24,8.0,1.12
3250,Kepler-223 e,Kepler-223,19.72567,Transit,0.1455,0.051,4.6,4.8,1.12
3251,Kepler-224 b,Kepler-224,3.132924,Transit,0.038,0.0,1.39,2.51,0.82
3252,Kepler-224 c,Kepler-224,5.925003,Transit,0.058,0.0,3.12,9.91,0.82
3253,Kepler-224 d,Kepler-224,11.349393,Transit,0.089,0.0,2.3,5.9,0.82
3254,Kepler-224 e,Kepler-224,18.643577,Transit,0.124,0.0,1.97,4.54,0.82
3257,Kepler-226 b,Kepler-226,3.940997,Transit,0.047,0.0,1.55,24.0,0.91
3258,Kepler-226 c,Kepler-226,5.349555,Transit,0.058,0.0,2.27,45.2,0.91
3259,Kepler-226 d,Kepler-226,8.109044,Transit,0.076,0.0,1.22,1.98,0.91
3262,Kepler-228 b,Kepler-228,2.566546,Transit,0.038,0.0,1.53,2.96,0.95
3263,Kepler-228 c,Kepler-228,4.134444,Transit,0.052,0.0,2.7,7.75,0.95
3264,Kepler-228 d,Kepler-228,11.094286,Transit,0.101,0.0,4.04,15.4,0.95
3265,Kepler-229 b,Kepler-229,6.252972,Transit,0.062,0.0,2.2,5.48,0.8
3266,Kepler-229 c,Kepler-229,16.068638,Transit,0.117,0.0,4.92,21.5,0.8
3267,Kepler-229 d,Kepler-229,41.194912,Transit,0.22,0.0,3.85,14.2,0.8
3268,Kepler-23 b,Kepler-23,7.1073,Transit,0.075,0.06,1.9,254.3,1.11
3269,Kepler-23 c,Kepler-23,10.7421,Transit,0.099,0.02,3.2,858.1,1.11
3270,Kepler-23 d,Kepler-23,15.274299,Transit,0.124,0.08,2.2,17.6,1.1
3281,Kepler-235 b,Kepler-235,3.340222,Transit,0.037,0.0,2.23,5.6,0.58
3282,Kepler-235 c,Kepler-235,7.824904,Transit,0.065,0.0,1.28,2.18,0.58
3283,Kepler-235 d,Kepler-235,20.060548,Transit,0.122,0.0,2.05,4.86,0.58
3284,Kepler-235 e,Kepler-235,46.183669,Transit,0.213,0.0,2.22,5.56,0.58
3289,Kepler-238 b,Kepler-238,2.090876,Transit,0.034,0.0,1.73,3.64,1.06
3290,Kepler-238 c,Kepler-238,6.155557,Transit,0.069,0.0,2.39,6.3,1.06
3291,Kepler-238 d,Kepler-238,13.233549,Transit,0.115,0.0,3.07,9.64,1.06
3292,Kepler-238 e,Kepler-238,23.654,Transit,0.1658,0.0,5.6,169.7,1.06
3293,Kepler-238 f,Kepler-238,50.447,Transit,0.2747,0.0,2.0,13.5,1.06
3296,Kepler-24 b,Kepler-24,8.1453,Transit,0.08,0.0,2.4,508.5,1.03
3297,Kepler-24 c,Kepler-24,12.3335,Transit,0.106,0.0,2.8,508.5,1.03
3298,Kepler-24 d,Kepler-24,4.244384,Transit,0.051,0.0,1.67,3.43,0.98
3299,Kepler-24 e,Kepler-24,18.998355,Transit,0.138,0.0,2.78,8.15,0.98
3308,Kepler-244 b,Kepler-244,4.311792,Transit,0.05,0.0,2.76,8.05,0.96
3309,Kepler-244 c,Kepler-244,9.767292,Transit,0.087,0.0,2.05,4.86,0.96
3310,Kepler-244 d,Kepler-244,20.050401,Transit,0.14,0.0,2.31,15.2,0.96
3311,Kepler-245 b,Kepler-245,7.49019,Transit,0.071,0.0,2.57,7.13,0.86
3312,Kepler-245 c,Kepler-245,17.460812,Transit,0.124,0.0,2.18,225.6,0.86
3313,Kepler-245 d,Kepler-245,36.277108,Transit,0.202,0.0,3.03,21.6,0.86
3314,Kepler-245 e,Kepler-245,3.21982106,Transit,0.04,0.0,1.75,3.71,0.86
3317,Kepler-247 b,Kepler-247,3.33616,Transit,0.042,0.0,1.64,3.33,0.84
3318,Kepler-247 c,Kepler-247,9.439452,Transit,0.084,0.0,4.09,15.7,0.84
3319,Kepler-247 d,Kepler-247,20.477912,Transit,0.14,0.0,3.94,14.7,0.84
3322,Kepler-249 b,Kepler-249,3.306539,Transit,0.035,0.0,1.09,1.32,0.51
3323,Kepler-249 c,Kepler-249,7.113702,Transit,0.058,0.0,1.51,2.89,0.51
3324,Kepler-249 d,Kepler-249,15.368459,Transit,0.097,0.0,1.57,3.09,0.51
3325,Kepler-25 b,Kepler-25,6.238297,Transit,0.0685,0.0029,2.748,8.7,1.17
3326,Kepler-25 c,Kepler-25,12.7207,Transit,0.1101,0.0061,5.217,15.2,1.17
3327,Kepler-25 d,Kepler-25,122.4,Radial Velocity,,0.13,10.0,71.9,1.17
3328,Kepler-250 b,Kepler-250,4.148141,Transit,0.048,0.0,1.13,1.51,0.83
3329,Kepler-250 c,Kepler-250,7.156804,Transit,0.069,0.0,2.28,5.82,0.83
3330,Kepler-250 d,Kepler-250,17.648312,Transit,0.127,0.0,2.18,5.39,0.83
3331,Kepler-251 b,Kepler-251,4.790936,Transit,0.053,0.0,1.33,2.33,0.95
3332,Kepler-251 c,Kepler-251,16.514043,Transit,0.122,0.0,2.77,8.1,0.95
3333,Kepler-251 d,Kepler-251,30.133001,Transit,0.182,0.0,2.77,8.1,0.95
3334,Kepler-251 e,Kepler-251,99.640161,Transit,0.404,0.0,2.77,8.1,0.95
3337,Kepler-253 b,Kepler-253,3.783986,Transit,0.046,0.0,1.63,3.29,0.85
3338,Kepler-253 c,Kepler-253,10.281951,Transit,0.089,0.0,2.65,7.51,0.85
3339,Kepler-253 d,Kepler-253,18.119869,Transit,0.13,0.0,3.17,10.2,0.85
3340,Kepler-254 b,Kepler-254,5.826662,Transit,0.064,0.0,3.87,14.3,0.93
3341,Kepler-254 c,Kepler-254,12.412183,Transit,0.105,0.0,2.15,3.2,0.93
3342,Kepler-254 d,Kepler-254,18.746477,Transit,0.139,0.0,2.5,6.8,0.93
3343,Kepler-255 b,Kepler-255,5.714606,Transit,0.063,0.0,1.55,3.02,0.87
3344,Kepler-255 c,Kepler-255,9.946047,Transit,0.092,0.0,2.99,9.22,0.87
3345,Kepler-255 d,Kepler-255,1.04562266,Transit,0.0192,0.0,1.32,2.3,0.9
3346,Kepler-256 b,Kepler-256,1.620493,Transit,0.027,0.0,1.59,3.15,0.97
3347,Kepler-256 c,Kepler-256,3.38802,Transit,0.045,0.0,2.15,5.27,0.97
3348,Kepler-256 d,Kepler-256,5.839172,Transit,0.064,0.0,2.48,6.71,0.97
3349,Kepler-256 e,Kepler-256,10.681572,Transit,0.096,0.0,2.35,6.12,0.97
3350,Kepler-257 b,Kepler-257,2.382667,Transit,0.034,0.0,2.61,7.32,0.85
3351,Kepler-257 c,Kepler-257,6.581484,Transit,0.066,0.0,5.41,25.2,0.85
3352,Kepler-257 d,Kepler-257,24.664551,Transit,0.16,0.0,4.95,21.7,0.85
3357,Kepler-26 b,Kepler-26,12.28,Transit,0.08551,0.0,2.78,5.12,0.54
3358,Kepler-26 c,Kepler-26,17.2559,Transit,0.10725,0.0,2.72,6.2,0.54
3359,Kepler-26 d,Kepler-26,3.543919,Transit,0.039,0.0,1.07,1.24,0.62
3360,Kepler-26 e,Kepler-26,46.827915,Transit,0.22,0.0,2.41,6.39,0.62
3371,Kepler-265 b,Kepler-265,6.846262,Transit,0.069,0.0,1.86,4.12,0.98
3372,Kepler-265 c,Kepler-265,17.028937,Transit,0.127,0.0,2.63,7.41,0.98
3373,Kepler-265 d,Kepler-265,43.130617,Transit,0.236,0.0,2.49,6.76,0.98
3374,Kepler-265 e,Kepler-265,67.831024,Transit,0.319,0.0,2.59,7.22,0.98
3377,Kepler-267 b,Kepler-267,3.353728,Transit,0.037,0.0,1.98,37.9,0.54
3378,Kepler-267 c,Kepler-267,6.87745,Transit,0.06,0.0,2.13,5.18,0.54
3379,Kepler-267 d,Kepler-267,28.464515,Transit,0.154,0.0,2.27,5.77,0.54
3384,Kepler-27 b,Kepler-27,15.3348,Transit,0.118,0.0,4.0,2895.31,0.65
3385,Kepler-27 c,Kepler-27,31.3309,Transit,0.191,0.0,4.9,4385.87,0.65
3386,Kepler-27 d,Kepler-27,6.54628992,Transit,0.0668,0.0,2.706,7.78,0.93
3389,Kepler-271 b,Kepler-271,10.43547805,Transit,0.0881,0.0,1.23,2.04,0.9
3390,Kepler-271 c,Kepler-271,7.41086267,Transit,0.0702,0.0,0.95,0.809,0.9
3391,Kepler-271 d,Kepler-271,5.24972541,Transit,0.0558,0.0,0.66,0.219,0.9
3392,Kepler-272 b,Kepler-272,2.971353,Transit,0.038,0.0,1.43,78.0,0.86
3393,Kepler-272 c,Kepler-272,6.057342,Transit,0.061,0.0,1.79,97.8,0.86
3394,Kepler-272 d,Kepler-272,10.937304,Transit,0.091,0.0,2.25,5.69,0.86
3399,Kepler-275 b,Kepler-275,10.300682,Transit,0.098,0.0,2.34,6.08,1.16
3400,Kepler-275 c,Kepler-275,16.088134,Transit,0.132,0.0,3.38,11.4,1.16
3401,Kepler-275 d,Kepler-275,35.676062,Transit,0.224,0.0,3.33,11.1,1.16
3402,Kepler-276 b,Kepler-276,14.12841,Transit,0.119,0.0,2.87,8.6,1.04
3403,Kepler-276 c,Kepler-276,31.884,Transit,0.1994,0.0,2.9,16.6,1.1
3404,Kepler-276 d,Kepler-276,48.648,Transit,0.2642,0.0,2.8,16.3,1.1
3409,Kepler-279 b,Kepler-279,12.309681,Transit,0.112,0.0,3.62,12.8,1.16
3410,Kepler-279 c,Kepler-279,35.736,Transit,0.2236,0.0,4.3,49.4,1.1
3411,Kepler-279 d,Kepler-279,54.414,Transit,0.2901,0.0,3.1,37.5,1.1
3416,Kepler-281 b,Kepler-281,14.646008,Transit,0.117,0.0,2.82,8.35,0.95
3417,Kepler-281 c,Kepler-281,36.337373,Transit,0.215,0.0,5.31,24.4,0.95
3418,Kepler-281 d,Kepler-281,148.2720032,Transit,0.5456,0.0,5.937,29.5,0.98
3419,Kepler-282 b,Kepler-282,9.220524,Transit,0.082,0.0,1.01,1.01,0.79
3420,Kepler-282 c,Kepler-282,13.638723,Transit,0.106,0.0,1.2,1.87,0.79
3421,Kepler-282 d,Kepler-282,24.806,Transit,0.154,0.0,2.46,61.0,0.97
3422,Kepler-282 e,Kepler-282,44.347,Transit,0.2269,0.0,3.1,56.2,0.97
3429,Kepler-286 b,Kepler-286,1.796302,Transit,0.027,0.0,1.24,2.07,0.96
3430,Kepler-286 c,Kepler-286,3.468095,Transit,0.042,0.0,1.37,2.45,0.96
3431,Kepler-286 d,Kepler-286,5.914323,Transit,0.061,0.0,1.33,2.33,0.96
3432,Kepler-286 e,Kepler-286,29.221289,Transit,0.176,0.0,1.77,3.78,0.96
3435,Kepler-288 b,Kepler-288,6.097326,Transit,0.065,0.0,1.67,3.43,1.03
3436,Kepler-288 c,Kepler-288,19.305772,Transit,0.14,0.0,2.85,8.5,1.03
3437,Kepler-288 d,Kepler-288,56.633742,Transit,0.287,0.0,2.67,7.61,1.03
3438,Kepler-289 b,Kepler-289,34.545,Transit,0.21,0.0,2.15,7.3,1.08
3439,Kepler-289 c,Kepler-289,125.8518,Transit,0.51,0.0,11.59,132.0,1.08
3440,Kepler-289 d,Kepler-289,66.0634,Transit,0.33,,2.68,4.0,1.08
3447,Kepler-292 b,Kepler-292,2.580827,Transit,0.035,0.0,1.32,2.3,0.85
3448,Kepler-292 c,Kepler-292,3.715335,Transit,0.045,0.0,1.47,2.76,0.85
3449,Kepler-292 d,Kepler-292,7.055679,Transit,0.068,0.0,2.23,5.6,0.85
3450,Kepler-292 e,Kepler-292,11.97901,Transit,0.097,0.0,2.67,7.61,0.85
3451,Kepler-292 f,Kepler-292,20.834237,Transit,0.141,0.0,2.35,6.12,0.85
3456,Kepler-295 b,Kepler-295,12.645164,Transit,0.099,0.0,1.22,1.98,0.89
3457,Kepler-295 c,Kepler-295,21.526258,Transit,0.142,0.0,1.17,1.71,0.89
3458,Kepler-295 d,Kepler-295,33.884054,Transit,0.192,0.0,1.36,2.42,0.89
3459,Kepler-296 b,Kepler-296,10.864384,Transit,0.079,0.33,1.61,3.22,0.5
3460,Kepler-296 c,Kepler-296,5.8416366,Transit,0.0521,0.33,2.0,4.66,0.5
3461,Kepler-296 d,Kepler-296,19.850291,Transit,0.118,0.33,2.09,5.02,0.5
3462,Kepler-296 e,Kepler-296,34.14211,Transit,0.169,0.33,1.53,2.96,0.5
3463,Kepler-296 f,Kepler-296,63.33627,Transit,0.255,0.33,1.8,3.89,0.5
3466,Kepler-298 b,Kepler-298,10.475464,Transit,0.08,0.0,1.96,4.5,0.66
3467,Kepler-298 c,Kepler-298,22.92881,Transit,0.136,0.0,1.93,4.38,0.66
3468,Kepler-298 d,Kepler-298,77.473633,Transit,0.305,0.0,2.5,6.8,0.66
3469,Kepler-299 b,Kepler-299,2.927128,Transit,0.04,0.0,1.32,2.3,0.95
3470,Kepler-299 c,Kepler-299,6.885875,Transit,0.07,0.0,2.65,7.51,0.95
3471,Kepler-299 d,Kepler-299,15.054786,Transit,0.118,0.0,1.86,4.12,0.95
3472,Kepler-299 e,Kepler-299,38.285489,Transit,0.22,0.0,1.87,4.16,0.95
3473,Kepler-30 b,Kepler-30,29.33434,Transit,0.18,0.042,3.9,11.3,0.99
3474,Kepler-30 c,Kepler-30,60.323105,Transit,0.3,0.0111,12.3,640.0,0.99
3475,Kepler-30 d,Kepler-30,143.34394,Transit,0.5,0.022,8.8,23.1,0.99
3478,Kepler-301 b,Kepler-301,2.508553,Transit,0.036,0.0,1.35,2.39,0.98
3479,Kepler-301 c,Kepler-301,5.419026,Transit,0.06,0.0,1.35,2.39,0.98
3480,Kepler-301 d,Kepler-301,13.751243,Transit,0.112,0.0,1.75,3.71,0.98
3485,Kepler-304 b,Kepler-304,3.295709,Transit,0.039,0.0,2.86,8.55,0.8
3486,Kepler-304 c,Kepler-304,5.315946,Transit,0.054,0.0,2.17,5.35,0.8
3487,Kepler-304 d,Kepler-304,9.653471,Transit,0.08,0.0,2.75,8.0,0.8
3488,Kepler-304 e,Kepler-304,1.49914695,Transit,0.0232,0.0,1.2,1.87,0.8
3489,Kepler-305 b,Kepler-305,5.487,Transit,0.0571,0.0,3.6,10.5,0.76
3490,Kepler-305 c,Kepler-305,8.291,Transit,0.0752,0.0,3.3,6.0,0.76
3491,Kepler-305 d,Kepler-305,16.738661,Transit,0.121,0.0,2.71,9.1,0.85
3492,Kepler-305 e,Kepler-305,3.20538,Transit,0.0399,0.0,1.794,3.87,0.82
3493,Kepler-306 b,Kepler-306,4.646186,Transit,0.05,0.0,1.52,2.92,0.81
3494,Kepler-306 c,Kepler-306,7.240193,Transit,0.067,0.0,2.35,6.12,0.81
3495,Kepler-306 d,Kepler-306,17.326644,Transit,0.12,0.0,2.47,6.66,0.81
3496,Kepler-306 e,Kepler-306,44.840975,Transit,0.227,0.0,2.27,5.77,0.81
3503,Kepler-31 b,Kepler-31,20.8613,Transit,0.16,0.0,5.5,25.9,1.21
3504,Kepler-31 c,Kepler-31,42.6318,Transit,0.26,0.0,5.3,1493.7,1.21
3505,Kepler-31 d,Kepler-31,87.6451,Transit,0.4,0.0,3.9,2161.244,1.21
3506,Kepler-310 b,Kepler-310,13.930698,Transit,0.111,0.0,1.19,1.81,0.91
3507,Kepler-310 c,Kepler-310,56.47542,Transit,0.281,0.0,3.38,11.4,0.91
3508,Kepler-310 d,Kepler-310,92.876125,Transit,0.392,0.0,2.47,7.0,0.91
3525,Kepler-319 b,Kepler-319,4.362705,Transit,0.051,0.0,1.63,3.29,0.96
3526,Kepler-319 c,Kepler-319,6.941357,Transit,0.069,0.0,2.63,7.41,0.96
3527,Kepler-319 d,Kepler-319,31.781925,Transit,0.191,0.0,2.29,5.86,0.96
3528,Kepler-32 b,Kepler-32,5.90124,Transit,0.05,0.0,2.2,1303.0,0.58
3529,Kepler-32 c,Kepler-32,8.7522,Transit,0.09,0.0,2.0,158.9,0.58
3530,Kepler-32 d,Kepler-32,22.7802,Transit,0.13,0.0,2.7,7.75,0.58
3531,Kepler-32 e,Kepler-32,2.896,Transit,0.033,0.0,1.5,2.86,0.58
3532,Kepler-32 f,Kepler-32,0.74296,Transit,0.013,0.0,0.82,0.477,0.58
3541,Kepler-324 b,Kepler-324,4.385315,Transit,0.05,0.0,1.14,1.55,0.87
3542,Kepler-324 c,Kepler-324,51.805612,Transit,0.26,0.0,3.15,10.1,0.87
3543,Kepler-324 e,Kepler-324,13.97939968,Transit,0.1074,0.0,2.039,4.81,0.84
3544,Kepler-325 b,Kepler-325,4.544439,Transit,0.053,0.0,2.91,8.8,0.92
3545,Kepler-325 c,Kepler-325,12.762172,Transit,0.105,0.0,2.54,6.99,0.92
3546,Kepler-325 d,Kepler-325,38.715185,Transit,0.22,0.0,2.79,8.2,0.92
3547,Kepler-326 b,Kepler-326,2.248329,Transit,0.032,0.0,1.52,44.6,0.85
3548,Kepler-326 c,Kepler-326,4.580358,Transit,0.051,0.0,1.4,17.4,0.85
3549,Kepler-326 d,Kepler-326,6.766888,Transit,0.066,0.0,1.21,6.9,0.85
3550,Kepler-327 b,Kepler-327,2.549575,Transit,0.029,0.0,1.11,1.41,0.59
3551,Kepler-327 c,Kepler-327,5.212333,Transit,0.047,0.0,1.03,20.3,0.59
3552,Kepler-327 d,Kepler-327,13.969457,Transit,0.09,0.0,1.73,3.64,0.59
3557,Kepler-33 b,Kepler-33,5.66793,Transit,0.0677,0.0,1.74,3.68,1.29
3558,Kepler-33 c,Kepler-33,13.17562,Transit,0.1189,0.0,3.2,0.39,1.29
3559,Kepler-33 d,Kepler-33,21.77596,Transit,0.1662,0.0,5.35,3.91,1.29
3560,Kepler-33 e,Kepler-33,31.7844,Transit,0.2138,0.0,4.02,5.57,1.29
3561,Kepler-33 f,Kepler-33,41.02902,Transit,0.2535,0.0,4.46,9.6,1.29
3564,Kepler-331 b,Kepler-331,8.457496,Transit,0.065,0.0,1.82,3.97,0.65
3565,Kepler-331 c,Kepler-331,17.28111,Transit,0.105,0.0,1.84,4.04,0.65
3566,Kepler-331 d,Kepler-331,32.134328,Transit,0.159,0.0,1.64,3.33,0.65
3567,Kepler-332 b,Kepler-332,7.626324,Transit,0.07,0.0,1.17,1.71,0.8
3568,Kepler-332 c,Kepler-332,15.995622,Transit,0.114,0.0,1.09,1.32,0.8
3569,Kepler-332 d,Kepler-332,34.21154,Transit,0.189,0.0,1.18,1.76,0.8
3572,Kepler-334 b,Kepler-334,5.470319,Transit,0.061,0.0,1.12,1.46,1.07
3573,Kepler-334 c,Kepler-334,12.758005,Transit,0.107,0.0,1.43,2.63,1.07
3574,Kepler-334 d,Kepler-334,25.09849,Transit,0.168,0.0,1.41,2.57,1.07
3577,Kepler-336 b,Kepler-336,2.024823,Transit,0.033,0.0,1.02,1.04,1.09
3578,Kepler-336 c,Kepler-336,9.600001,Transit,0.092,0.0,2.1,5.06,1.09
3579,Kepler-336 d,Kepler-336,20.678772,Transit,0.154,0.0,2.37,6.21,1.09
3582,Kepler-338 b,Kepler-338,13.726976,Transit,0.117,0.04,2.44,30.6,1.2
3583,Kepler-338 c,Kepler-338,24.310856,Transit,0.172,0.03,2.34,6.08,1.2
3584,Kepler-338 d,Kepler-338,44.431014,Transit,0.257,0.03,3.0,9.27,1.2
3585,Kepler-338 e,Kepler-338,9.341,Transit Timing Variations,0.0893,0.05,1.56,8.5,1.14
3586,Kepler-339 b,Kepler-339,4.977656,Transit,0.055,0.0,1.42,2.6,0.93
3587,Kepler-339 c,Kepler-339,6.988055,Transit,0.069,0.0,1.15,7.3,0.93
3588,Kepler-339 d,Kepler-339,10.558345,Transit,0.091,0.0,1.17,14.7,0.93
3592,Kepler-341 b,Kepler-341,5.195528,Transit,0.06,0.0,1.18,1.76,1.0
3593,Kepler-341 c,Kepler-341,8.01041,Transit,0.08,0.0,1.7,3.53,1.0
3594,Kepler-341 d,Kepler-341,27.666313,Transit,0.182,0.0,1.85,4.08,1.0
3595,Kepler-341 e,Kepler-341,42.473269,Transit,0.242,0.0,1.99,4.62,1.0
3596,Kepler-342 b,Kepler-342,15.170318,Transit,0.128,0.0,2.25,5.69,1.26
3597,Kepler-342 c,Kepler-342,26.234138,Transit,0.185,0.0,1.96,4.5,1.26
3598,Kepler-342 d,Kepler-342,39.459357,Transit,0.242,0.0,2.49,6.76,1.26
3599,Kepler-342 e,Kepler-342,1.64422461,Transit,0.0293,0.0,0.88,0.615,1.26
3615,Kepler-350 b,Kepler-350,11.189562,Transit,0.104,0.0,1.85,4.08,1.19
3616,Kepler-350 c,Kepler-350,17.849,Transit,0.1385,0.0,3.1,6.1,1.0
3617,Kepler-350 d,Kepler-350,26.136,Transit,0.1786,0.0,2.8,14.9,1.0
3618,Kepler-351 b,Kepler-351,37.054919,Transit,0.214,0.0,3.06,4.8,0.81
3619,Kepler-351 c,Kepler-351,57.24809,Transit,0.287,0.0,3.19,11.1,0.81
3620,Kepler-351 d,Kepler-351,142.544247,Transit,0.5177,0.0,2.72,7.85,0.81
3621,Kepler-352 b,Kepler-352,10.05537,Transit,0.085,0.0,0.86,0.566,0.83
3622,Kepler-352 c,Kepler-352,16.332995,Transit,0.118,0.0,1.24,2.07,0.83
3623,Kepler-352 d,Kepler-352,6.88727999,Transit,0.0657,0.0,0.806,0.449,0.8
3626,Kepler-354 b,Kepler-354,5.47666,Transit,0.054,0.0,1.84,4.04,0.65
3627,Kepler-354 c,Kepler-354,16.934402,Transit,0.115,0.0,1.31,2.27,0.73
3628,Kepler-354 d,Kepler-354,24.209842,Transit,0.146,0.0,1.24,2.07,0.65
3633,Kepler-357 b,Kepler-357,6.475434,Transit,0.063,0.0,1.84,4.04,0.79
3634,Kepler-357 c,Kepler-357,16.85837,Transit,0.12,0.0,2.67,7.61,0.79
3635,Kepler-357 d,Kepler-357,49.499875,Transit,0.246,0.0,3.43,11.6,0.79
3638,Kepler-359 b,Kepler-359,25.563222,Transit,0.178,0.0,3.53,12.2,1.14
3639,Kepler-359 c,Kepler-359,57.68802,Transit,0.307,0.0,4.3,2.9,1.14
3640,Kepler-359 d,Kepler-359,77.095691,Transit,0.372,0.0,4.01,2.7,1.14
3649,Kepler-363 b,Kepler-363,3.614568,Transit,0.048,0.0,1.16,1.65,1.1
3650,Kepler-363 c,Kepler-363,7.542427,Transit,0.079,0.0,1.69,66.4,1.1
3651,Kepler-363 d,Kepler-363,11.932125,Transit,0.107,0.0,2.05,4.86,1.1
3664,Kepler-37 b,Kepler-37,13.36731,Transit,0.1003,0.0,0.296,3.1783,0.87
3665,Kepler-37 c,Kepler-37,21.302,Transit,0.1368,0.09,0.75,12.0,0.8
3666,Kepler-37 d,Kepler-37,39.7922,Transit,0.2076,0.15,1.94,12.2,0.8
3667,Kepler-37 e,Kepler-37,51.196,Transit Timing Variations,0.246,0.0,0.37,0.0275,0.8
3672,Kepler-372 b,Kepler-372,6.849692,Transit,0.075,0.0,1.36,2.42,1.15
3673,Kepler-372 c,Kepler-372,20.053763,Transit,0.154,0.0,2.09,5.02,1.2
3674,Kepler-372 d,Kepler-372,30.092568,Transit,0.201,0.0,1.69,3.5,1.15
3677,Kepler-374 b,Kepler-374,1.897806,Transit,0.029,0.0,1.03,1.08,1.04
3678,Kepler-374 c,Kepler-374,3.282807,Transit,0.042,0.0,1.1,1.37,1.04
3679,Kepler-374 d,Kepler-374,5.028219,Transit,0.056,0.0,1.31,2.27,1.04
3693,Kepler-381 b,Kepler-381,5.629021,Transit,0.066,0.0,0.99,0.937,1.2
3694,Kepler-381 c,Kepler-381,13.391635,Transit,0.117,0.0,1.12,1.46,1.2
3695,Kepler-381 d,Kepler-381,8.25629997,Transit,0.085,0.0,1.067,1.23,1.2
3702,Kepler-385 b,Kepler-385,10.043686,Transit,0.097,0.0,2.73,12.8,1.12
3703,Kepler-385 c,Kepler-385,15.163161,Transit,0.127,0.0,3.04,13.2,1.12
3704,Kepler-385 d,Kepler-385,56.4159,Transit,0.3024,0.0,2.619,7.36,1.05
3722,Kepler-394 b,Kepler-394,8.005013,Transit,0.083,0.0,1.6,3.19,1.13
3723,Kepler-394 c,Kepler-394,12.130686,Transit,0.11,0.0,1.66,3.39,1.13
3724,Kepler-394 d,Kepler-394,5.61358023,Transit,0.0646,0.0,1.501,2.86,1.14
3731,Kepler-398 b,Kepler-398,4.081423,Transit,0.044,0.0,0.93,0.749,0.65
3732,Kepler-398 c,Kepler-398,11.419412,Transit,0.087,0.0,1.01,1.01,0.65
3733,Kepler-398 d,Kepler-398,6.83437001,Transit,0.0618,0.0,0.88,0.615,0.72
3734,Kepler-399 b,Kepler-399,14.425281,Transit,0.103,0.0,0.96,0.84,0.9
3735,Kepler-399 c,Kepler-399,26.67569,Transit,0.155,0.0,1.43,2.63,0.9
3736,Kepler-399 d,Kepler-399,58.034616,Transit,0.261,0.0,1.89,4.23,0.9
3741,Kepler-401 b,Kepler-401,14.383035,Transit,0.122,0.0,1.71,3.57,1.17
3742,Kepler-401 c,Kepler-401,47.318218,Transit,0.269,0.0,2.15,5.27,1.17
3743,Kepler-401 d,Kepler-401,184.256405,Transit,0.6503,0.0,2.27,5.77,1.17
3744,Kepler-402 b,Kepler-402,4.028751,Transit,0.051,0.0,1.22,1.98,1.15
3745,Kepler-402 c,Kepler-402,6.124821,Transit,0.068,0.0,1.56,3.05,1.15
3746,Kepler-402 d,Kepler-402,8.921099,Transit,0.087,0.0,1.38,2.48,1.15
3747,Kepler-402 e,Kepler-402,11.242861,Transit,0.102,0.0,1.46,2.73,1.15
3748,Kepler-403 b,Kepler-403,7.031462,Transit,0.076,0.0,1.25,2.1,1.25
3749,Kepler-403 c,Kepler-403,54.280749,Transit,0.297,0.0,1.75,3.71,1.25
3750,Kepler-403 d,Kepler-403,13.61159129,Transit,0.1211,0.0,1.42,2.6,1.25
3763,Kepler-411 b,Kepler-411,3.005156,Transit,0.0375,0.146,2.401,25.6,0.87
3764,Kepler-411 c,Kepler-411,7.834435,Transit,0.0739,0.108,4.421,26.4,0.87
3765,Kepler-411 d,Kepler-411,58.02035,Transit,0.279,0.128,3.319,15.2,0.87
3766,Kepler-411 e,Kepler-411,31.509728,Transit Timing Variations,0.186,0.016,3.28,10.8,0.87
3781,Kepler-42 b,Kepler-42,1.2137672,Transit,0.0116,0.04,0.78,0.399,0.13
3782,Kepler-42 c,Kepler-42,0.45328509,Transit,0.006,0.0,0.73,0.315,0.13
3783,Kepler-42 d,Kepler-42,1.865169,Transit,0.0154,0.02,0.57,0.13,0.13
3796,Kepler-431 b,Kepler-431,6.803,Transit,0.0719,0.0,0.764,0.37,1.07
3797,Kepler-431 c,Kepler-431,8.703,Transit,0.0847,0.0,0.668,0.229,1.07
3798,Kepler-431 d,Kepler-431,11.922,Transit,0.1045,0.0,1.11,1.41,1.07
3814,Kepler-444 b,Kepler-444,3.6001053,Transit,0.04178,0.16,0.403,0.0374,0.76
3815,Kepler-444 c,Kepler-444,4.5458841,Transit,0.04881,0.31,0.497,0.0793,0.76
3816,Kepler-444 d,Kepler-444,6.189392,Transit,0.06,0.18,0.53,0.2,0.76
3817,Kepler-444 e,Kepler-444,7.743493,Transit,0.0696,0.1,0.546,0.1,0.76
3818,Kepler-444 f,Kepler-444,9.740486,Transit,0.0811,0.29,0.741,0.332,0.76
3819,Kepler-445 b,Kepler-445,2.984151,Transit,0.0217,0.0,1.58,3.12,0.18
3820,Kepler-445 c,Kepler-445,4.871229,Transit,0.0301,0.0,2.51,6.85,0.18
3821,Kepler-445 d,Kepler-445,8.15275,Transit,0.0439,0.0,1.25,2.1,0.18
3822,Kepler-446 b,Kepler-446,1.565409,Transit,0.0182,0.0,1.5,2.86,0.22
3823,Kepler-446 c,Kepler-446,3.036179,Transit,0.0283,0.0,1.11,1.41,0.22
3824,Kepler-446 d,Kepler-446,5.148921,Transit,0.0403,0.0,1.35,2.39,0.22
3830,Kepler-450 b,Kepler-450,28.454851,Transit,0.1993,0.02,6.14,19.4,1.19
3831,Kepler-450 c,Kepler-450,15.413135,Transit,0.1324,0.02,2.62,12.5,1.19
3832,Kepler-450 d,Kepler-450,7.51464,Transit,0.082,0.14,0.837,17.6,1.19
3833,Kepler-451 c,2MASS J19383260+4603591,1460.0,Eclipse Timing Variations,,0.29,13.5,511.70374,0.48
3834,Kepler-451 d,2MASS J19383260+4603591,43.0,Eclipse Timing Variations,,0.0,13.5,559.378,0.48
3839,Kepler-457 d,KOI-7892,10.6906004,Transit,0.0996,0.0,2.985,9.19,1.15
3841,Kepler-46 b,Kepler-46,33.60134,Transit,0.1968,0.01,9.057,1907.0,0.9
3842,Kepler-46 c,Kepler-46,57.011,Transit Timing Variations,0.2799,0.0146,13.5,119.499,0.9
3843,Kepler-46 d,Kepler-46,6.766589,Transit,0.067,0.0,1.64,3.33,0.92
3855,Kepler-47 b,Kepler-47,49.4643,Transit,0.2877,0.021,3.05,2.07,0.96
3856,Kepler-47 c,Kepler-47,303.227,Transit,0.9638,0.044,4.65,3.17,0.96
3857,Kepler-47 d,Kepler-47,187.366,Transit,0.6992,0.024,7.04,19.02,0.96
3868,Kepler-48 b,Kepler-48,4.778,Transit,0.0528,0.0,1.88,3.94,0.88
3869,Kepler-48 c,Kepler-48,9.67395,Transit,0.0845,0.0,2.71,14.61,0.88
3870,Kepler-48 d,Kepler-48,42.8961,Transit,0.2279,0.0,2.04,7.93,0.88
3871,Kepler-48 e,Kepler-48,982.0,Radial Velocity,,,13.4,657.0,0.88
3878,Kepler-487 b,Kepler-487,15.3587684,Transit,0.1157,0.0,11.42,,0.91
3879,Kepler-487 c,Kepler-487,38.6519976,Transit,0.2141,0.0,2.68,7.65,0.91
3880,Kepler-487 d,Kepler-487,2.41839004,Transit,0.0337,0.0,2.775,8.12,0.87
3883,Kepler-49 b,Kepler-49,7.2037945,Transit,0.05929,0.0,2.72,8.0,0.55
3884,Kepler-49 c,Kepler-49,10.9129343,Transit,0.07821,0.0,2.55,5.9,0.55
3885,Kepler-49 d,Kepler-49,2.576549,Transit,0.031,0.0,1.6,3.19,0.55
3886,Kepler-49 e,Kepler-49,18.596108,Transit,0.116,0.0,1.56,3.05,0.55
3910,Kepler-51 b,Kepler-51,45.154,Transit,0.2514,0.04,7.1,2.1,1.04
3911,Kepler-51 c,Kepler-51,85.312,Transit,0.384,0.014,9.0,4.0,1.04
3912,Kepler-51 d,Kepler-51,130.194,Transit,0.509,0.008,9.7,7.6,1.04
3924,Kepler-52 b,Kepler-52,7.8773565,Transit,0.0637,0.0,2.1,135.0,0.54
3925,Kepler-52 c,Kepler-52,16.3850021,Transit,0.10379,0.0,1.84,45.4,0.54
3926,Kepler-52 d,Kepler-52,36.445171,Transit,0.182,0.0,1.95,4.46,0.58
3938,Kepler-529 b,Kepler-529,1.98035766,Transit,0.0309,0.0,1.86,4.12,1.07
3939,Kepler-529 c,Kepler-529,12.8345022,Transit,0.1075,0.0,2.0,4.66,1.07
3940,Kepler-529 d,Kepler-529,35.86619949,Transit,0.2134,0.0,2.795,8.22,1.01
3941,Kepler-53 b,Kepler-53,18.6489525,Transit,0.139,0.0,2.89,111.0,0.98
3942,Kepler-53 c,Kepler-53,38.5583038,Transit,0.2255,0.0,3.17,36.0,0.98
3943,Kepler-53 d,Kepler-53,9.751962,Transit,0.091,0.0,2.12,5.14,0.98
3956,Kepler-54 b,Kepler-54,8.0109434,Transit,0.0619,0.0,2.1,21.5,0.51
3957,Kepler-54 c,Kepler-54,12.0717249,Transit,0.0809,0.0,1.23,19.8,0.51
3958,Kepler-54 d,Kepler-54,20.995694,Transit,0.126,0.0,1.53,2.96,0.52
3970,Kepler-55 b,Kepler-55,27.9481449,Transit,0.1593,0.0,2.43,43.0,0.62
3971,Kepler-55 c,Kepler-55,42.1516418,Transit,0.2095,0.0,2.21,69.8,0.62
3972,Kepler-55 d,Kepler-55,2.211099,Transit,0.029,0.0,1.59,3.15,0.63
3973,Kepler-55 e,Kepler-55,4.617534,Transit,0.048,0.0,1.55,3.02,0.63
3974,Kepler-55 f,Kepler-55,10.198545,Transit,0.081,0.0,1.59,3.15,0.63
3986,Kepler-56 b,Kepler-56,10.5016,Transit,0.1028,0.04,6.51,22.1,1.32
3987,Kepler-56 c,Kepler-56,21.40239,Transit,0.1652,0.0,9.8,181.0,1.32
3988,Kepler-56 d,Kepler-56,1002.0,Radial Velocity,2.16,0.2,12.8,1784.0,1.29
4012,Kepler-58 b,Kepler-58,10.2184954,Transit,0.0927,0.0,2.78,35.5,0.95
4013,Kepler-58 c,Kepler-58,15.5741568,Transit,0.1228,0.0,2.86,53.0,0.95
4014,Kepler-58 d,Kepler-58,40.101371,Transit,0.236,0.0,2.94,8.96,1.04
4041,Kepler-60 b,Kepler-60,7.1334,Transit,0.0719,0.0,1.71,4.19,1.04
4042,Kepler-60 c,Kepler-60,8.9187,Transit,0.0835,0.0,1.9,3.85,1.04
4043,Kepler-60 d,Kepler-60,11.8981,Transit,0.1012,0.0,1.99,4.16,1.04
4047,Kepler-603 b,Kepler-603,21.05358596,Transit,0.1502,0.0,2.65,7.51,1.01
4048,Kepler-603 c,Kepler-603,127.9075774,Transit,0.5001,0.0,6.5,34.5,1.01
4049,Kepler-603 d,Kepler-603,6.2171292,Transit,0.0666,0.0,1.32,2.3,1.01
4066,Kepler-616 b,Kepler-616,9.99761851,Transit,0.0927,0.0,2.43,6.48,0.98
4067,Kepler-616 c,Kepler-616,90.4113556,Transit,0.4024,0.0,3.41,11.5,0.98
4068,Kepler-616 d,Kepler-616,51.06740189,Transit,0.2749,0.0,2.653,7.52,1.06
4073,Kepler-62 b,Kepler-62,5.714932,Transit,0.0553,0.0,1.31,9.0,0.69
4074,Kepler-62 c,Kepler-62,12.4417,Transit,0.0929,0.0,0.54,4.0,0.69
4075,Kepler-62 d,Kepler-62,18.16406,Transit,0.12,0.0,1.95,14.0,0.69
4076,Kepler-62 e,Kepler-62,122.3874,Transit,0.427,0.0,1.61,36.0,0.69
4077,Kepler-62 f,Kepler-62,267.291,Transit,0.718,0.0,1.41,35.0,0.69
4112,Kepler-65 b,Kepler-65,2.15491,Transit,0.035,0.028,1.42,2.4,1.25
4113,Kepler-65 c,Kepler-65,5.859944,Transit,0.068,0.02,2.58,5.4,1.25
4114,Kepler-65 d,Kepler-65,8.13123,Transit,0.084,0.014,1.52,4.14,1.25
4115,Kepler-65 e,Kepler-65,258.8,Radial Velocity,,0.283,13.9,260.0,1.25
4149,Kepler-68 b,Kepler-68,5.3988,Transit,0.0617,0.0,2.354,7.65,1.06
4150,Kepler-68 c,Kepler-68,9.6051,Transit,0.09059,0.0,0.92,2.04,1.06
4151,Kepler-68 d,Kepler-68,634.6,Radial Velocity,1.4,0.112,13.9,267.0,1.06
4241,Kepler-758 b,Kepler-758,12.1097104,Transit,0.1019,0.0,2.48,6.71,1.16
4242,Kepler-758 c,Kepler-758,4.75793986,Transit,0.0547,0.0,1.69,3.5,1.16
4243,Kepler-758 d,Kepler-758,20.4966197,Transit,0.1447,0.0,2.12,5.14,1.16
4244,Kepler-758 e,Kepler-758,8.1934719,Transit,0.0785,0.0,1.53,2.96,1.16
4260,Kepler-770 b,Kepler-770,18.92540274,Transit,0.1694,0.0,2.3,5.9,0.94
4261,Kepler-770 c,Kepler-770,1.47532231,Transit,0.0309,0.0,1.2,1.87,0.94
4262,Kepler-770 d,Kepler-770,4.15244722,Transit,0.0616,0.0,1.4,2.54,0.94
4284,Kepler-79 b,Kepler-79,13.4845,Transit,0.117,0.015,3.47,10.9,1.17
4285,Kepler-79 c,Kepler-79,27.4029,Transit,0.187,0.03,3.72,5.9,1.17
4286,Kepler-79 d,Kepler-79,52.0902,Transit,0.287,0.025,7.16,6.0,1.17
4287,Kepler-79 e,Kepler-79,81.0659,Transit,0.386,0.012,3.49,4.1,1.17
4300,Kepler-80 b,Kepler-80,7.05246,Transit,0.0648,0.0,2.67,6.93,0.73
4301,Kepler-80 c,Kepler-80,9.52355,Transit,0.0792,0.0,2.74,6.74,0.73
4302,Kepler-80 d,Kepler-80,3.07222,Transit,0.0372,0.0,1.53,6.75,0.73
4303,Kepler-80 e,Kepler-80,4.64489,Transit,0.0491,0.0,1.6,4.13,0.73
4304,Kepler-80 f,Kepler-80,0.9867873,Transit,0.0175,0.0,1.21,1.92,0.73
4305,Kepler-80 g,Kepler-80,14.64558,Transit,,,1.13,1.51,0.83
4317,Kepler-81 b,Kepler-81,5.955,Transit,0.0522,0.0,2.42,17.2,0.64
4318,Kepler-81 c,Kepler-81,12.04,Transit,0.08347,0.0,2.37,4.3,0.64
4319,Kepler-81 d,Kepler-81,20.837846,Transit,0.128,0.0,1.21,1.92,0.65
4330,Kepler-82 b,Kepler-82,26.44,Transit,0.1683,0.0033,4.07,12.15,0.91
4331,Kepler-82 c,Kepler-82,51.54,Transit,0.2626,0.007,5.34,13.9,0.91
4332,Kepler-82 d,Kepler-82,2.382961,Transit,0.034,0.0,1.77,3.78,0.96
4333,Kepler-82 e,Kepler-82,5.902206,Transit,0.063,0.0,2.47,6.66,0.96
4334,Kepler-82 f,Kepler-82,75.732,Transit Timing Variations,0.3395,0.0014,4.84,20.9,0.91
4346,Kepler-83 b,Kepler-83,9.77,Transit,0.07295,0.0,2.83,42.1,0.66
4347,Kepler-83 c,Kepler-83,20.09,Transit,0.11796,0.0,2.36,11.4,0.66
4348,Kepler-83 d,Kepler-83,5.169796,Transit,0.051,0.0,1.94,24.6,0.58
4359,Kepler-84 b,Kepler-84,8.726,Transit,0.0827,0.0,2.23,40.0,1.0
4360,Kepler-84 c,Kepler-84,12.883,Transit,0.1072,0.0,2.36,20.2,1.0
4361,Kepler-84 d,Kepler-84,4.224537,Transit,0.052,0.0,1.38,2.48,1.06
4362,Kepler-84 e,Kepler-84,27.434389,Transit,0.181,0.0,2.6,7.27,1.06
4363,Kepler-84 f,Kepler-84,44.552169,Transit,0.25,0.0,2.2,5.48,1.06
4373,Kepler-85 b,Kepler-85,8.306,Transit,0.0766,0.0,1.97,4.54,0.92
4374,Kepler-85 c,Kepler-85,12.513,Transit,0.1007,0.0,2.18,20.9,0.92
4375,Kepler-85 d,Kepler-85,17.91323,Transit,0.13,0.0,1.2,1.87,0.87
4376,Kepler-85 e,Kepler-85,25.216751,Transit,0.163,0.0,1.27,0.6,0.92
4408,Kepler-88 d,KOI-142,1403.0,Radial Velocity,,0.41,13.1,965.147,0.99
4430,Kepler-9 b,Kepler-9,19.23891,Transit,0.143,0.0609,8.29,43.4,1.02
4431,Kepler-9 c,Kepler-9,38.9853,Transit,0.227,0.06691,8.08,29.9,1.02
4432,Kepler-9 d,Kepler-9,1.592851,Transit,0.0273,0.0,1.64,3.33,1.07
4433,Kepler-90 i,KOI-351,14.44912,Transit,,,1.32,2.3,1.12
4457,Kepler-92 b,Kepler-92,13.749,Transit,0.1174,0.17,3.51,64.3,1.21
4458,Kepler-92 c,Kepler-92,26.723,Transit,0.1829,0.04,2.6,6.1,1.21
4459,Kepler-92 d,Kepler-92,49.3568,Transit,0.2754,0.07,2.067,4.93,1.07
4518,Kepler-968 b,Kepler-968,3.69298373,Transit,0.0389,0.0,2.0,4.66,0.76
4519,Kepler-968 c,Kepler-968,5.70940492,Transit,0.052,0.0,1.69,3.5,0.76
4558,L 98-59 b,L 98-59,2.2531136,Transit,0.02191,0.103,0.85,0.4,0.27
4559,L 98-59 c,L 98-59,3.6906777,Transit,0.0304,0.103,1.385,2.22,0.27
4560,L 98-59 d,L 98-59,7.4507245,Transit,0.0486,0.074,1.521,1.94,0.27
4561,L 98-59 e,L 98-59,12.796,Radial Velocity,0.0717,0.128,1.56,3.06,0.27
4747,PSR B1257+12 b,PSR B1257+12,25.262,Pulsar Timing,0.19,0.0,0.338,0.02,1.4
4748,PSR B1257+12 c,PSR B1257+12,66.5419,Pulsar Timing,0.36,0.0186,1.91,4.3,1.4
4749,PSR B1257+12 d,PSR B1257+12,98.2114,Pulsar Timing,0.46,0.0264,1.8,3.9,1.4
4789,TOI-1136 b,TOI-1136,4.17278,Transit,,0.031,1.9,4.27,1.02
4790,TOI-1136 c,TOI-1136,6.25725,Transit,,0.117,2.879,8.64,1.02
4791,TOI-1136 d,TOI-1136,12.51937,Transit,,0.016,4.627,19.3,1.02
4792,TOI-1136 e,TOI-1136,18.7992,Transit,,0.057,2.639,7.46,1.02
4793,TOI-1136 f,TOI-1136,26.3162,Transit,,0.012,3.88,14.3,1.02
4794,TOI-1136 g,TOI-1136,39.5387,Transit,,0.036,2.53,6.94,1.02
4801,TOI-1246 b,TOI-1246,4.30744,Transit,0.049,,3.01,8.1,0.87
4802,TOI-1246 c,TOI-1246,5.904144,Transit,0.061,,2.51,8.8,0.87
4803,TOI-1246 d,TOI-1246,18.6559,Transit,0.131,,3.51,5.3,0.87
4804,TOI-1246 e,TOI-1246,37.9216,Transit,0.211,,3.78,14.8,0.87
4805,TOI-125 b,TOI-125,4.65382,Transit,0.05186,0.194,2.726,9.5,0.86
4806,TOI-125 c,TOI-125,9.15059,Transit,0.0814,0.066,2.759,6.63,0.86
4807,TOI-125 d,TOI-125,19.98,Transit,0.137,0.168,2.93,13.6,0.86
4809,TOI-1260 b,TOI-1260,3.127463,Transit,0.0367,0.0,2.41,8.56,0.68
4810,TOI-1260 c,TOI-1260,7.493134,Transit,0.0657,0.0,2.76,13.2,0.68
4811,TOI-1260 d,TOI-1260,16.608164,Transit,0.1116,0.0,3.12,11.84,0.68
4855,TOI-1749 b,TOI-1749,2.38839,Transit,0.0291,0.14,1.39,57.0,0.58
4856,TOI-1749 c,TOI-1749,4.4929,Transit,0.0443,0.019,2.12,14.0,0.58
4857,TOI-1749 d,TOI-1749,9.0497,Transit,0.0707,0.062,2.52,15.0,0.58
4859,TOI-178 b,TOI-178,1.914558,Transit,0.02607,,1.152,1.5,0.65
4860,TOI-178 c,TOI-178,3.23845,Transit,0.037,,1.669,4.77,0.65
4861,TOI-178 d,TOI-178,6.5577,Transit,0.0592,,2.572,3.01,0.65
4862,TOI-178 e,TOI-178,9.961881,Transit,0.0783,,2.207,3.86,0.65
4863,TOI-178 f,TOI-178,15.231915,Transit,0.1039,,2.287,7.72,0.65
4864,TOI-178 g,TOI-178,20.7095,Transit,0.1275,,2.87,3.94,0.65
4876,TOI-2076 b,TOI-2076,10.35509,Transit,0.0682,,2.518,6.89,0.82
4877,TOI-2076 c,TOI-2076,21.01538,Transit,0.1093,,3.497,12.0,0.82
4878,TOI-2076 d,TOI-2076,35.12537,Transit,0.1539,,3.232,10.5,0.82
4911,TOI-270 b,TOI-270,3.3601538,Transit,0.03197,0.034,1.206,1.58,0.39
4912,TOI-270 c,TOI-270,5.6605731,Transit,0.04526,0.027,2.355,6.15,0.39
4913,TOI-270 d,TOI-270,11.379573,Transit,0.0721,0.032,2.133,4.78,0.39
4928,TOI-431 b,TOI-431,0.490047,Transit,0.0113,0.0,1.28,3.07,0.78
4929,TOI-431 c,TOI-431,4.8494,Radial Velocity,0.052,0.0,1.49,2.83,0.78
4930,TOI-431 d,TOI-431,12.46103,Transit,0.098,0.0,3.29,9.9,0.78
4935,TOI-451 b,TOI-451,1.858703,Transit,0.0283,0.0,1.91,4.31,0.95
4936,TOI-451 c,TOI-451,9.192522,Transit,0.0823,0.0,3.1,9.8,0.95
4937,TOI-451 d,TOI-451,16.364988,Transit,0.1208,0.0,4.07,15.6,0.95
4941,TOI-500 b,TOI-500,0.548177,Transit,0.01189,0.063,1.166,1.42,0.74
4942,TOI-500 c,TOI-500,6.6356,Radial Velocity,,0.072,2.09,5.03,0.74
4943,TOI-500 d,TOI-500,26.233,Radial Velocity,,0.016,6.35,33.12,0.74
4944,TOI-500 e,TOI-500,61.3,Radial Velocity,,0.073,3.99,15.05,0.74
4957,TOI-561 b,TOI-561,0.446578,Transit,0.01055,0.0,1.423,1.59,0.79
4958,TOI-561 c,TOI-561,10.779,Transit,0.08809,0.06,2.878,5.4,0.79
4959,TOI-561 d,TOI-561,25.62,Transit,0.1569,0.051,2.53,11.95,0.79
4960,TOI-561 e,TOI-561,77.23,Transit,0.3274,0.061,2.67,16.0,0.79
4961,TOI-561 f,TOI-561,16.287,Transit,0.1174,0.0,2.32,3.0,0.81
4968,TOI-700 b,TOI-700,9.977219,Transit,0.0677,0.075,0.914,0.704,0.42
4969,TOI-700 c,TOI-700,16.051137,Transit,0.0929,0.068,2.6,7.27,0.42
4970,TOI-700 d,TOI-700,37.42396,Transit,0.1633,0.042,1.073,1.25,0.42
4971,TOI-700 e,TOI-700,27.80978,Transit,0.134,0.059,0.953,0.818,0.42
4972,TOI-712 b,TOI-712,9.531361,Transit,0.07928,0.54,2.049,4.85,0.73
4973,TOI-712 c,TOI-712,51.69906,Transit,0.2447,0.089,2.701,7.76,0.73
4974,TOI-712 d,TOI-712,84.8396,Transit,0.3405,0.073,2.474,6.68,0.73
4991,TRAPPIST-1 b,TRAPPIST-1,1.510826,Transit,0.01154,0.00622,1.116,1.374,0.09
4992,TRAPPIST-1 c,TRAPPIST-1,2.421937,Transit,0.0158,0.00654,1.097,1.308,0.09
4993,TRAPPIST-1 d,TRAPPIST-1,4.049219,Transit,0.02227,0.00837,0.788,0.388,0.09
4994,TRAPPIST-1 e,TRAPPIST-1,6.101013,Transit,0.02925,0.0051,0.92,0.692,0.09
4995,TRAPPIST-1 f,TRAPPIST-1,9.20754,Transit,0.03849,0.01007,1.045,1.039,0.09
4996,TRAPPIST-1 g,TRAPPIST-1,12.352446,Transit,0.04683,0.00208,1.129,1.321,0.09
4997,TRAPPIST-1 h,TRAPPIST-1,18.772866,Transit,0.06189,0.00567,0.755,0.326,0.09
5021,V1298 Tau b,V1298 Tau,24.1396,Transit,0.1688,0.29,10.27,74.9,1.1
5022,V1298 Tau c,V1298 Tau,8.24958,Transit,0.0825,0.43,5.59,26.7,1.1
5023,V1298 Tau d,V1298 Tau,12.4032,Transit,0.1083,0.21,6.41,33.6,1.1
5024,V1298 Tau e,V1298 Tau,60.0,Transit,0.308,0.57,8.74,57.0,1.1
5143,WASP-47 b,WASP-47,4.1591492,Transit,0.052,0.0028,12.64,363.6,1.04
5144,WASP-47 c,WASP-47,588.8,Radial Velocity,1.393,0.295,13.5,500.0,1.04
5145,WASP-47 d,WASP-47,9.03055,Transit,0.085,0.01,3.567,14.2,1.04
5146,WASP-47 e,WASP-47,0.7895933,Transit,0.01673,0.03,1.808,6.77,1.04
5211,Wolf 1061 b,Wolf 1061,4.8869,Radial Velocity,0.0375,0.15,1.21,1.91,0.29
5212,Wolf 1061 c,Wolf 1061,17.8719,Radial Velocity,0.089,0.11,1.66,3.41,0.29
5213,Wolf 1061 d,Wolf 1061,217.21,Radial Velocity,0.47,0.55,2.69,7.7,0.29
5225,YZ Cet b,YZ Cet,2.02087,Radial Velocity,0.01634,0.06,0.913,0.7,0.14
5226,YZ Cet c,YZ Cet,3.05989,Radial Velocity,0.02156,0.0,1.05,1.14,0.14
5227,YZ Cet d,YZ Cet,4.65626,Radial Velocity,0.02851,0.07,1.03,1.09,0.14
5256,pi Men c,HD 39091,6.26790772,Transit,0.068647,0.076939,2.06,3.63,1.1
5257,pi Men d,HD 39091,124.64,Radial Velocity,,0.22,3.72,13.38,1.07
5262,tau Cet e,tau Cet,162.87,Radial Velocity,0.538,0.18,1.81,3.93,0.78
5263,tau Cet f,tau Cet,636.13,Radial Velocity,1.334,0.16,1.81,3.93,0.78
5264,tau Cet g,tau Cet,20.0,Radial Velocity,0.133,0.06,1.18,1.75,0.78
5265,tau Cet h,tau Cet,49.41,Radial Velocity,0.243,0.23,1.19,1.83,0.78
5267,ups And b,ups And,4.617033,Radial Velocity,0.059222,0.0215,14.0,218.531,1.3
5268,ups And c,ups And,241.258,Radial Velocity,0.827774,0.2596,12.3,4443.24113,1.3
5269,ups And d,ups And,1276.46,Radial Velocity,2.51329,0.2987,12.5,3257.74117,1.3
